Código da liga,Liga,Equipe canônica,Nome normalizado,Nome simplificado,Siglas calculadas,Aliases explícitos,Temporada mais recente da liga,Presente no catálogo recente,Primeira temporada observada,Última temporada observada
BRA,Brasileirão Série A,America MG,america mg,america,am | americamg | amg,america mineiro,2026,Não,2016,2023
BRA,Brasileirão Série A,Athletico-PR,athletico pr,athletico,ap | apr | athleticopr,athletico paranaense | atletico paranaense,2026,Sim,2013,2026
BRA,Brasileirão Série A,Atletico GO,atletico go,atletico,ag | ago | atleticogo,atletico goianiense,2026,Não,2012,2024
BRA,Brasileirão Série A,Atletico-MG,atletico mg,atletico,am | amg | atleticomg,atletico mg | atletico mineiro,2026,Sim,2012,2026
BRA,Brasileirão Série A,Avai,avai,avai,avai,,2026,Não,2015,2022
BRA,Brasileirão Série A,Bahia,bahia,bahia,bahia,esporte clube bahia,2026,Sim,2012,2026
BRA,Brasileirão Série A,Botafogo RJ,botafogo rj,botafogo,botafogorj | br | brj,botafogo,2026,Sim,2012,2026
BRA,Brasileirão Série A,Bragantino,bragantino,bragantino,bragantino,rb bragantino | red bull bragantino,2026,Sim,2020,2026
BRA,Brasileirão Série A,CSA,csa,csa,csa,,2026,Não,2019,2019
BRA,Brasileirão Série A,Ceara,ceara,ceara,ceara,,2026,Não,2018,2025
BRA,Brasileirão Série A,Chapecoense-SC,chapecoense sc,chapecoense,chapecoensesc | cs | csc,associacao chapecoense,2026,Sim,2014,2026
BRA,Brasileirão Série A,Corinthians,corinthians,corinthians,corinthians,,2026,Sim,2012,2026
BRA,Brasileirão Série A,Coritiba,coritiba,coritiba,coritiba,,2026,Sim,2012,2026
BRA,Brasileirão Série A,Criciuma,criciuma,criciuma,criciuma,,2026,Não,2013,2024
BRA,Brasileirão Série A,Cruzeiro,cruzeiro,cruzeiro,cruzeiro,,2026,Sim,2012,2026
BRA,Brasileirão Série A,Cuiaba,cuiaba,cuiaba,cuiaba,,2026,Não,2021,2024
BRA,Brasileirão Série A,Figueirense,figueirense,figueirense,figueirense,,2026,Não,2012,2016
BRA,Brasileirão Série A,Flamengo RJ,flamengo rj,flamengo,flamengorj | fr | frj,cr flamengo | flamengo | flamengo rj,2026,Sim,2012,2026
BRA,Brasileirão Série A,Fluminense,fluminense,fluminense,fluminense,,2026,Sim,2012,2026
BRA,Brasileirão Série A,Fortaleza,fortaleza,fortaleza,fortaleza,,2026,Não,2019,2025
BRA,Brasileirão Série A,Goias,goias,goias,goias,,2026,Não,2013,2023
BRA,Brasileirão Série A,Gremio,gremio,gremio,gremio,gremio fbpa,2026,Sim,2012,2026
BRA,Brasileirão Série A,Internacional,internacional,internacional,internacional,sc internacional | sport club internacional,2026,Sim,2012,2026
BRA,Brasileirão Série A,Joinville,joinville,joinville,joinville,,2026,Não,2015,2015
BRA,Brasileirão Série A,Juventude,juventude,juventude,juventude,,2026,Não,2021,2025
BRA,Brasileirão Série A,Mirassol,mirassol,mirassol,mirassol,,2026,Sim,2025,2026
BRA,Brasileirão Série A,Nautico,nautico,nautico,nautico,,2026,Não,2012,2013
BRA,Brasileirão Série A,Palmeiras,palmeiras,palmeiras,palmeiras,,2026,Sim,2012,2026
BRA,Brasileirão Série A,Parana,parana,parana,parana,,2026,Não,2018,2018
BRA,Brasileirão Série A,Ponte Preta,ponte preta,ponte preta,pontepreta | pp,,2026,Não,2012,2017
BRA,Brasileirão Série A,Portuguesa,portuguesa,portuguesa,portuguesa,,2026,Não,2012,2013
BRA,Brasileirão Série A,Remo,remo,remo,remo,clube de remo | clube do remo,2026,Sim,2026,2026
BRA,Brasileirão Série A,Santa Cruz,santa cruz,santa cruz,santacruz | sc,,2026,Não,2016,2016
BRA,Brasileirão Série A,Santos,santos,santos,santos,,2026,Sim,2012,2026
BRA,Brasileirão Série A,Sao Paulo,sao paulo,sao paulo,saop | saopaulo | sp,sao paulo fc | sao paulo sp,2026,Sim,2012,2026
BRA,Brasileirão Série A,Sport Recife,sport recife,sport recife,sportrecife | sr,sport club do recife,2026,Não,2012,2025
BRA,Brasileirão Série A,Vasco,vasco,vasco,vasco,cr vasco da gama | vasco da gama,2026,Sim,2012,2026
BRA,Brasileirão Série A,Vitoria,vitoria,vitoria,vitoria,,2026,Sim,2013,2026
ARG,Argentina - Primera Division,Aldosivi,aldosivi,aldosivi,aldosivi,,2026,Sim,2015,2026
ARG,Argentina - Primera Division,All Boys,all boys,all boys,ab | allb | allboys,,2026,Não,2012,2013
ARG,Argentina - Primera Division,Argentinos Jrs,argentinos jrs,argentinos jrs,aj | ajrs | argentinosjrs,argentinos juniors,2026,Sim,2012,2026
ARG,Argentina - Primera Division,Arsenal Sarandi,arsenal sarandi,arsenal sarandi,arsenalsarandi | as,,2026,Não,2012,2023
ARG,Argentina - Primera Division,Atl. Rafaela,atl rafaela,atl rafaela,ar | atlr | atlrafaela,atletico rafaela,2026,Não,2012,2016
ARG,Argentina - Primera Division,Atl. Tucuman,atl tucuman,atl tucuman,at | atlt | atltucuman,atletico tucuman,2026,Sim,2016,2026
ARG,Argentina - Primera Division,Banfield,banfield,banfield,banfield,,2026,Sim,2014,2026
ARG,Argentina - Primera Division,Barracas Central,barracas central,barracas central,barracascentral | bc,,2026,Sim,2022,2026
ARG,Argentina - Primera Division,Belgrano,belgrano,belgrano,belgrano,,2026,Sim,2012,2026
ARG,Argentina - Primera Division,Boca Juniors,boca juniors,boca juniors,bj | bocajuniors,,2026,Sim,2012,2026
ARG,Argentina - Primera Division,Central Cordoba,central cordoba,central cordoba,cc | centralcordoba,,2026,Sim,2019,2026
ARG,Argentina - Primera Division,Chacarita Juniors,chacarita juniors,chacarita juniors,chacaritajuniors | cj,,2026,Não,2017,2017
ARG,Argentina - Primera Division,Colon Santa FE,colon santa fe,colon santa fe,colonsantafe | csf | csfe,,2026,Não,2012,2022
ARG,Argentina - Primera Division,Colon Santa Fe,colon santa fe,colon santa fe,colonsantafe | csf | csfe,,2026,Não,2022,2023
ARG,Argentina - Primera Division,Crucero del Norte,crucero del norte,crucero del norte,cdeln | cdn | crucerodelnorte,,2026,Não,2015,2015
ARG,Argentina - Primera Division,Defensa y Justicia,defensa y justicia,defensa y justicia,defensayjusticia | dyj,,2026,Sim,2014,2026
ARG,Argentina - Primera Division,Dep. Riestra,dep riestra,dep riestra,depr | depriestra | dr,,2026,Sim,2024,2026
ARG,Argentina - Primera Division,Estudiantes L.P.,estudiantes l p,estudiantes l p,elp | estudianteslp,estudiantes de la plata,2026,Sim,2012,2026
ARG,Argentina - Primera Division,Estudiantes Rio Cuarto,estudiantes rio cuarto,estudiantes rio cuarto,erc | erioc,,2026,Sim,2026,2026
ARG,Argentina - Primera Division,Gimnasia L.P.,gimnasia l p,gimnasia l p,gimnasialp | glp,gimnasia y esgrima la plata,2026,Sim,2013,2026
ARG,Argentina - Primera Division,Gimnasia Mendoza,gimnasia mendoza,gimnasia mendoza,gimnasiamendoza | gm,,2026,Sim,2026,2026
ARG,Argentina - Primera Division,Godoy Cruz,godoy cruz,godoy cruz,gc | godoycruz,,2026,Não,2012,2025
ARG,Argentina - Primera Division,Huracan,huracan,huracan,huracan,,2026,Sim,2015,2026
ARG,Argentina - Primera Division,Ind. Rivadavia,ind rivadavia,ind rivadavia,indr | indrivadavia | ir,,2026,Sim,2024,2026
ARG,Argentina - Primera Division,Independiente,independiente,independiente,independiente,,2026,Sim,2012,2026
ARG,Argentina - Primera Division,Instituto,instituto,instituto,instituto,,2026,Sim,2023,2026
ARG,Argentina - Primera Division,Lanus,lanus,lanus,lanus,,2026,Sim,2012,2026
ARG,Argentina - Primera Division,Newells Old Boys,newells old boys,newells old boys,newellsoldboys | nob | noldb,newells old boys,2026,Sim,2012,2026
ARG,Argentina - Primera Division,Nueva Chicago,nueva chicago,nueva chicago,nc | nuevachicago,,2026,Não,2015,2015
ARG,Argentina - Primera Division,Olimpo Bahia Blanca,olimpo bahia blanca,olimpo bahia blanca,obb,,2026,Não,2013,2017
ARG,Argentina - Primera Division,Patronato,patronato,patronato,patronato,,2026,Não,2016,2022
ARG,Argentina - Primera Division,Platense,platense,platense,platense,,2026,Sim,2021,2026
ARG,Argentina - Primera Division,Quilmes,quilmes,quilmes,quilmes,,2026,Não,2012,2016
ARG,Argentina - Primera Division,Racing Club,racing club,racing,racingclub | rc,,2026,Sim,2012,2026
ARG,Argentina - Primera Division,River Plate,river plate,river plate,riverplate | rp,,2026,Sim,2012,2026
ARG,Argentina - Primera Division,Rosario Central,rosario central,rosario central,rc | rosariocentral,,2026,Sim,2013,2026
ARG,Argentina - Primera Division,San Lorenzo,san lorenzo,san lorenzo,sanl | sanlorenzo | sl,,2026,Sim,2012,2026
ARG,Argentina - Primera Division,San Martin S.J.,san martin s j,san martin s j,sanmartinsj | sanmsj | smsj,,2026,Não,2012,2025
ARG,Argentina - Primera Division,San Martin T.,san martin t,san martin t,sanmartint | sanmt | smt,,2026,Não,2018,2018
ARG,Argentina - Primera Division,Sarmiento Junin,sarmiento junin,sarmiento junin,sarmientojunin | sj,,2026,Sim,2015,2026
ARG,Argentina - Primera Division,Talleres Cordoba,talleres cordoba,talleres cordoba,tallerescordoba | tc,,2026,Sim,2016,2026
ARG,Argentina - Primera Division,Temperley,temperley,temperley,temperley,,2026,Não,2015,2017
ARG,Argentina - Primera Division,Tigre,tigre,tigre,tigre,,2026,Sim,2012,2026
ARG,Argentina - Primera Division,Union de Santa Fe,union de santa fe,union santa fe,unionsantafe | usf | usfe,union santa fe,2026,Sim,2012,2026
ARG,Argentina - Primera Division,Velez Sarsfield,velez sarsfield,velez sarsfield,velezsarsfield | vs,,2026,Sim,2012,2026
USA,EUA - MLS,Atlanta Utd,atlanta utd,atlanta utd,atlantautd | au | autd,atlanta united,2026,Sim,2017,2026
USA,EUA - MLS,Austin FC,austin fc,austin,af | afc | austinfc,,2026,Sim,2021,2026
USA,EUA - MLS,CF Montreal,cf montreal,montreal,cfm | cfmontreal | cm,,2026,Sim,2012,2026
USA,EUA - MLS,Charlotte,charlotte,charlotte,charlotte,,2026,Sim,2022,2026
USA,EUA - MLS,Chicago Fire,chicago fire,chicago fire,cf | chicagofire,,2026,Sim,2012,2026
USA,EUA - MLS,Chivas USA,chivas usa,chivas usa,chivasusa | cu | cusa,,2026,Não,2012,2014
USA,EUA - MLS,Colorado Rapids,colorado rapids,colorado rapids,coloradorapids | cr,,2026,Sim,2012,2026
USA,EUA - MLS,Columbus Crew,columbus crew,columbus crew,cc | columbuscrew,,2026,Sim,2012,2026
USA,EUA - MLS,DC United,dc united,dc united,dcu | dcunited | du,,2026,Sim,2012,2026
USA,EUA - MLS,FC Cincinnati,fc cincinnati,cincinnati,fc | fcc | fccincinnati,,2026,Sim,2019,2026
USA,EUA - MLS,FC Dallas,fc dallas,dallas,fcd | fcdallas | fd,,2026,Sim,2012,2026
USA,EUA - MLS,Houston Dynamo,houston dynamo,houston dynamo,hd | houstondynamo,,2026,Sim,2012,2026
USA,EUA - MLS,Inter Miami,inter miami,inter miami,im | intermiami,inter miami cf,2026,Sim,2020,2026
USA,EUA - MLS,Los Angeles FC,los angeles fc,los angeles,laf | losafc | losangelesfc,lafc,2026,Sim,2018,2026
USA,EUA - MLS,Los Angeles Galaxy,los angeles galaxy,los angeles galaxy,lag | losag | losangelesgalaxy,la galaxy,2026,Sim,2012,2026
USA,EUA - MLS,Minnesota United,minnesota united,minnesota united,minnesotaunited | mu,,2026,Sim,2017,2026
USA,EUA - MLS,Nashville SC,nashville sc,nashville,nashvillesc | ns | nsc,,2026,Sim,2020,2026
USA,EUA - MLS,New England Revolution,new england revolution,new england revolution,ner | newer,,2026,Sim,2012,2026
USA,EUA - MLS,New York City,new york city,new york city,newyc | newyorkcity | nyc,new york city fc | ny city | nycfc,2026,Sim,2015,2026
USA,EUA - MLS,New York Red Bulls,new york red bulls,new york red bulls,newyorkredbulls | newyredb | nyrb,ny red bulls,2026,Sim,2012,2026
USA,EUA - MLS,Orlando City,orlando city,orlando city,oc | orlandocity,,2026,Sim,2015,2026
USA,EUA - MLS,Philadelphia Union,philadelphia union,philadelphia union,pu,,2026,Sim,2012,2026
USA,EUA - MLS,Portland Timbers,portland timbers,portland timbers,portlandtimbers | pt,,2026,Sim,2012,2026
USA,EUA - MLS,Real Salt Lake,real salt lake,real salt lake,realsaltlake | rsl,,2026,Sim,2012,2026
USA,EUA - MLS,San Diego FC,san diego fc,san diego,sandfc | sandiegofc | sdf,,2026,Sim,2025,2026
USA,EUA - MLS,San Jose Earthquakes,san jose earthquakes,san jose earthquakes,sanje | sje,,2026,Sim,2012,2026
USA,EUA - MLS,Seattle Sounders,seattle sounders,seattle sounders,seattlesounders | ss,,2026,Sim,2012,2026
USA,EUA - MLS,Sporting Kansas City,sporting kansas city,sporting kansas city,skc,sporting kc,2026,Sim,2012,2026
USA,EUA - MLS,St. Louis City,st louis city,st louis city,slc | stlc | stlouiscity,st louis city sc,2026,Sim,2023,2026
USA,EUA - MLS,Toronto FC,toronto fc,toronto,tf | tfc | torontofc,,2026,Sim,2012,2026
USA,EUA - MLS,Vancouver Whitecaps,vancouver whitecaps,vancouver whitecaps,vw,,2026,Sim,2012,2026
MEX,México - Liga MX,Atl. San Luis,atl san luis,atl san luis,asl | atlsanl | atlsanluis,atletico san luis,2026,Sim,2012,2026
MEX,México - Liga MX,Atlante,atlante,atlante,atlante,,2026,Sim,2012,2026
MEX,México - Liga MX,Atlas,atlas,atlas,atlas,,2026,Sim,2012,2026
MEX,México - Liga MX,Chiapas,chiapas,chiapas,chiapas,,2026,Não,2012,2016
MEX,México - Liga MX,Club America,club america,america,ca | clubamerica,club america mexico,2026,Sim,2012,2026
MEX,México - Liga MX,Club Leon,club leon,leon,cl | clubleon,,2026,Sim,2012,2026
MEX,México - Liga MX,Club Tijuana,club tijuana,tijuana,clubtijuana | ct,,2026,Sim,2012,2026
MEX,México - Liga MX,Cruz Azul,cruz azul,cruz azul,ca | cruzazul,,2026,Sim,2012,2026
MEX,México - Liga MX,Dorados de Sinaloa,dorados de sinaloa,dorados sinaloa,doradossinaloa | ds,,2026,Não,2015,2015
MEX,México - Liga MX,Guadalajara Chivas,guadalajara chivas,guadalajara chivas,gc,chivas guadalajara,2026,Sim,2012,2026
MEX,México - Liga MX,Juarez,juarez,juarez,juarez,,2026,Sim,2019,2026
MEX,México - Liga MX,Leones Negros,leones negros,leones negros,leonesnegros | ln,,2026,Não,2014,2014
MEX,México - Liga MX,Lobos BUAP,lobos buap,lobos buap,lb | lobosbuap,,2026,Não,2017,2018
MEX,México - Liga MX,Mazatlan FC,mazatlan fc,mazatlan,mazatlanfc | mf | mfc,,2026,Não,2020,2025
MEX,México - Liga MX,Monarcas,monarcas,monarcas,monarcas,,2026,Não,2012,2019
MEX,México - Liga MX,Monterrey,monterrey,monterrey,monterrey,,2026,Sim,2012,2026
MEX,México - Liga MX,Necaxa,necaxa,necaxa,necaxa,,2026,Sim,2016,2026
MEX,México - Liga MX,Pachuca,pachuca,pachuca,pachuca,,2026,Sim,2012,2026
MEX,México - Liga MX,Puebla,puebla,puebla,puebla,,2026,Sim,2012,2026
MEX,México - Liga MX,Queretaro,queretaro,queretaro,queretaro,,2026,Sim,2012,2026
MEX,México - Liga MX,Santos Laguna,santos laguna,santos laguna,santoslaguna | sl,,2026,Sim,2012,2026
MEX,México - Liga MX,Tigres UANL,tigres uanl,tigres uanl,tigresuanl | tu,tigres,2026,Sim,2012,2026
MEX,México - Liga MX,Toluca,toluca,toluca,toluca,,2026,Sim,2012,2026
MEX,México - Liga MX,UNAM Pumas,unam pumas,unam pumas,unampumas | up,pumas unam,2026,Sim,2012,2026
MEX,México - Liga MX,Veracruz,veracruz,veracruz,veracruz,,2026,Não,2013,2019
JPN,Japão - J1 League,Albirex Niigata,albirex niigata,albirex niigata,albirexniigata | an,,2025,Sim,2012,2025
JPN,Japão - J1 League,Avispa Fukuoka,avispa fukuoka,avispa fukuoka,af | avispafukuoka,,2025,Sim,2016,2025
JPN,Japão - J1 League,Cerezo Osaka,cerezo osaka,cerezo osaka,cerezoosaka | co,,2025,Sim,2012,2025
JPN,Japão - J1 League,FC Tokyo,fc tokyo,tokyo,fct | fctokyo | ft,,2025,Sim,2012,2025
JPN,Japão - J1 League,Gamba Osaka,gamba osaka,gamba osaka,gambaosaka | go,,2025,Sim,2012,2025
JPN,Japão - J1 League,Hokkaido Consadole Sapporo,hokkaido consadole sapporo,hokkaido consadole sapporo,hcs,consadole sapporo,2025,Não,2012,2024
JPN,Japão - J1 League,Iwata,iwata,iwata,iwata,jubilo iwata,2025,Não,2012,2024
JPN,Japão - J1 League,Kashima Antlers,kashima antlers,kashima antlers,ka | kashimaantlers,,2025,Sim,2012,2025
JPN,Japão - J1 League,Kashiwa Reysol,kashiwa reysol,kashiwa reysol,kashiwareysol | kr,,2025,Sim,2012,2025
JPN,Japão - J1 League,Kawasaki Frontale,kawasaki frontale,kawasaki frontale,kawasakifrontale | kf,,2025,Sim,2012,2025
JPN,Japão - J1 League,Kofu,kofu,kofu,kofu,,2025,Não,2013,2019
JPN,Japão - J1 League,Kumamoto,kumamoto,kumamoto,kumamoto,,2025,Não,2022,2022
JPN,Japão - J1 League,Kyoto,kyoto,kyoto,kyoto,,2025,Sim,2022,2025
JPN,Japão - J1 League,Machida,machida,machida,machida,,2025,Sim,2024,2025
JPN,Japão - J1 League,Montedio Yamagata,montedio yamagata,montedio yamagata,montedioyamagata | my,,2025,Não,2015,2022
JPN,Japão - J1 League,Nagoya Grampus,nagoya grampus,nagoya grampus,nagoyagrampus | ng,,2025,Sim,2012,2025
JPN,Japão - J1 League,Oita Trinita,oita trinita,oita trinita,oitatrinita | ot,,2025,Não,2013,2022
JPN,Japão - J1 League,Okayama,okayama,okayama,okayama,,2025,Sim,2022,2025
JPN,Japão - J1 League,Omiya Ardija,omiya ardija,omiya ardija,oa | omiyaardija,,2025,Não,2012,2019
JPN,Japão - J1 League,Sagan Tosu,sagan tosu,sagan tosu,sagantosu | st,,2025,Não,2012,2024
JPN,Japão - J1 League,Sanfrecce Hiroshima,sanfrecce hiroshima,sanfrecce hiroshima,sh,,2025,Sim,2012,2025
JPN,Japão - J1 League,Shimizu S-Pulse,shimizu s pulse,shimizu s pulse,shimizuspulse | ssp,,2025,Sim,2012,2025
JPN,Japão - J1 League,Shonan Bellmare,shonan bellmare,shonan bellmare,sb | shonanbellmare,,2025,Sim,2013,2025
JPN,Japão - J1 League,Tokushima,tokushima,tokushima,tokushima,,2025,Não,2014,2021
JPN,Japão - J1 League,Urawa Reds,urawa reds,urawa reds,ur | urawareds,,2025,Sim,2012,2025
JPN,Japão - J1 League,V-Varen Nagasaki,v varen nagasaki,v varen nagasaki,vvarennagasaki | vvn,,2025,Não,2018,2018
JPN,Japão - J1 League,Vegalta Sendai,vegalta sendai,vegalta sendai,vegaltasendai | vs,,2025,Não,2012,2021
JPN,Japão - J1 League,Verdy,verdy,verdy,verdy,tokyo verdy,2025,Sim,2018,2025
JPN,Japão - J1 League,Vissel Kobe,vissel kobe,vissel kobe,visselkobe | vk,,2025,Sim,2012,2025
JPN,Japão - J1 League,Yamaga,yamaga,yamaga,yamaga,,2025,Não,2015,2019
JPN,Japão - J1 League,Yokohama F. Marinos,yokohama f marinos,yokohama f marinos,yfm | yokohamafmarinos,,2025,Sim,2012,2025
JPN,Japão - J1 League,Yokohama FC,yokohama fc,yokohama,yf | yfc | yokohamafc,,2025,Sim,2018,2025
CHN,China - Super League,Beijing Guoan,beijing guoan,beijing guoan,beijingguoan | bg,,2026,Sim,2014,2026
CHN,China - Super League,Beijing Renhe,beijing renhe,beijing renhe,beijingrenhe | br,,2026,Não,2014,2019
CHN,China - Super League,Cangzhou,cangzhou,cangzhou,cangzhou,,2026,Não,2021,2024
CHN,China - Super League,Changchun Yatai,changchun yatai,changchun yatai,changchunyatai | cy,,2026,Não,2014,2025
CHN,China - Super League,Chengdu Rongcheng,chengdu rongcheng,chengdu rongcheng,chengdurongcheng | cr,,2026,Sim,2021,2026
CHN,China - Super League,Chongqing Liangjiang Athletic,chongqing liangjiang athletic,chongqing liangjiang athletic,cla,,2026,Não,2015,2021
CHN,China - Super League,Chongqing Tonglianglong,chongqing tonglianglong,chongqing tonglianglong,ct,,2026,Sim,2026,2026
CHN,China - Super League,Dalian Pro,dalian pro,dalian pro,dalianpro | dp | dpro,,2026,Não,2020,2023
CHN,China - Super League,Dalian Yifang F.C.,dalian yifang f c,dalian yifang f c,dalianyifangfc | dyfc,,2026,Não,2014,2019
CHN,China - Super League,Dalian Yingbo,dalian yingbo,dalian yingbo,dalianyingbo | dy,,2026,Sim,2025,2026
CHN,China - Super League,Guangzhou City,guangzhou city,guangzhou city,gc | guangzhoucity,,2026,Não,2021,2022
CHN,China - Super League,Guangzhou Evergrande,guangzhou evergrande,guangzhou evergrande,ge,,2026,Não,2014,2020
CHN,China - Super League,Guangzhou FC,guangzhou fc,guangzhou,gf | gfc | guangzhoufc,,2026,Não,2021,2022
CHN,China - Super League,Guangzhou R&F,guangzhou r f,guangzhou r f,grf | guangzhourf,,2026,Não,2014,2020
CHN,China - Super League,Guizhou Zhicheng,guizhou zhicheng,guizhou zhicheng,guizhouzhicheng | gz,,2026,Não,2017,2018
CHN,China - Super League,Hangzhou Greentown,hangzhou greentown,hangzhou greentown,hg,,2026,Não,2014,2016
CHN,China - Super League,Hebei,hebei,hebei,hebei,,2026,Não,2016,2022
CHN,China - Super League,Henan Songshan Longmen,henan songshan longmen,henan songshan longmen,hsl,,2026,Sim,2014,2026
CHN,China - Super League,Jiangsu Suning,jiangsu suning,jiangsu suning,jiangsusuning | js,,2026,Não,2014,2020
CHN,China - Super League,Liaoning,liaoning,liaoning,liaoning,,2026,Não,2014,2017
CHN,China - Super League,Liaoning Tieren,liaoning tieren,liaoning tieren,liaoningtieren | lt,,2026,Sim,2026,2026
CHN,China - Super League,Meizhou Hakka,meizhou hakka,meizhou hakka,meizhouhakka | mh,,2026,Não,2022,2025
CHN,China - Super League,Nantong Zhiyun,nantong zhiyun,nantong zhiyun,nantongzhiyun | nz,,2026,Não,2023,2024
CHN,China - Super League,Qingdao FC,qingdao fc,qingdao,qf | qfc | qingdaofc,,2026,Não,2020,2021
CHN,China - Super League,Qingdao Hainiu,qingdao hainiu,qingdao hainiu,qh | qingdaohainiu,,2026,Sim,2023,2026
CHN,China - Super League,Qingdao West Coast,qingdao west coast,qingdao west coast,qingdaowestcoast | qwc,,2026,Sim,2024,2026
CHN,China - Super League,Shandong Luneng,shandong luneng,shandong luneng,shandongluneng | sl,,2026,Não,2014,2020
CHN,China - Super League,Shandong Taishan,shandong taishan,shandong taishan,shandongtaishan | st,,2026,Sim,2021,2026
CHN,China - Super League,Shanghai Port,shanghai port,shanghai port,shanghaiport | sp,,2026,Sim,2021,2026
CHN,China - Super League,Shanghai SIPG,shanghai sipg,shanghai sipg,shanghaisipg | ss,,2026,Não,2014,2020
CHN,China - Super League,Shanghai Shenhua,shanghai shenhua,shanghai shenhua,shanghaishenhua | ss,,2026,Sim,2014,2026
CHN,China - Super League,Shanghai Shenxin,shanghai shenxin,shanghai shenxin,shanghaishenxin | ss,,2026,Não,2014,2015
CHN,China - Super League,Shenzhen,shenzhen,shenzhen,shenzhen,,2026,Não,2019,2023
CHN,China - Super League,Shenzhen Xinpengcheng,shenzhen xinpengcheng,shenzhen xinpengcheng,sx,,2026,Sim,2024,2026
CHN,China - Super League,Shijiazhuang,shijiazhuang,shijiazhuang,shijiazhuang,,2026,Não,2015,2020
CHN,China - Super League,Tianjin Jinmen Tiger,tianjin jinmen tiger,tianjin jinmen tiger,tjt,,2026,Sim,2014,2026
CHN,China - Super League,Tianjin Quanjian,tianjin quanjian,tianjin quanjian,tianjinquanjian | tq,,2026,Não,2017,2018
CHN,China - Super League,Tianjin Tianhai,tianjin tianhai,tianjin tianhai,tianjintianhai | tt,,2026,Não,2019,2019
CHN,China - Super League,Wuhan FC,wuhan fc,wuhan,wf | wfc | wuhanfc,,2026,Não,2019,2022
CHN,China - Super League,Wuhan Three Towns,wuhan three towns,wuhan three towns,wtt | wuhanthreetowns,,2026,Sim,2022,2026
CHN,China - Super League,Yanbian,yanbian,yanbian,yanbian,,2026,Não,2016,2017
CHN,China - Super League,Yunnan Yukun,yunnan yukun,yunnan yukun,yunnanyukun | yy,,2026,Sim,2025,2026
CHN,China - Super League,Zhejiang Greentown,zhejiang greentown,zhejiang greentown,zg,,2026,Não,2020,2020
CHN,China - Super League,Zhejiang Professional,zhejiang professional,zhejiang professional,zp,,2026,Sim,2021,2026
CHN,China - Super League,Zhejiang Yiteng,zhejiang yiteng,zhejiang yiteng,zhejiangyiteng | zy,,2026,Não,2014,2014
SWE,Suécia - Allsvenskan,AFC Eskilstuna,afc eskilstuna,eskilstuna,ae | afce | afceskilstuna,,2026,Não,2017,2019
SWE,Suécia - Allsvenskan,AIK,aik,aik,aik,,2026,Sim,2012,2026
SWE,Suécia - Allsvenskan,Atvidabergs,atvidabergs,atvidabergs,atvidabergs,,2026,Não,2012,2015
SWE,Suécia - Allsvenskan,Brage,brage,brage,brage,,2026,Não,2019,2019
SWE,Suécia - Allsvenskan,Brommapojkarna,brommapojkarna,brommapojkarna,brommapojkarna,,2026,Sim,2013,2026
SWE,Suécia - Allsvenskan,Dalkurd,dalkurd,dalkurd,dalkurd,,2026,Não,2018,2018
SWE,Suécia - Allsvenskan,Degerfors,degerfors,degerfors,degerfors,,2026,Sim,2021,2026
SWE,Suécia - Allsvenskan,Djurgarden,djurgarden,djurgarden,djurgarden,djurgardens if,2026,Sim,2012,2026
SWE,Suécia - Allsvenskan,Elfsborg,elfsborg,elfsborg,elfsborg,,2026,Sim,2012,2026
SWE,Suécia - Allsvenskan,Falkenbergs,falkenbergs,falkenbergs,falkenbergs,,2026,Não,2014,2020
SWE,Suécia - Allsvenskan,GAIS,gais,gais,gais,,2026,Sim,2012,2026
SWE,Suécia - Allsvenskan,Gefle,gefle,gefle,gefle,,2026,Não,2012,2016
SWE,Suécia - Allsvenskan,Goteborg,goteborg,goteborg,goteborg,ifk goteborg,2026,Sim,2012,2026
SWE,Suécia - Allsvenskan,Hacken,hacken,hacken,hacken,bk hacken,2026,Sim,2012,2026
SWE,Suécia - Allsvenskan,Halmstad,halmstad,halmstad,halmstad,,2026,Sim,2012,2026
SWE,Suécia - Allsvenskan,Hammarby,hammarby,hammarby,hammarby,,2026,Sim,2015,2026
SWE,Suécia - Allsvenskan,Helsingborg,helsingborg,helsingborg,helsingborg,,2026,Não,2012,2022
SWE,Suécia - Allsvenskan,Jonkopings,jonkopings,jonkopings,jonkopings,,2026,Não,2016,2020
SWE,Suécia - Allsvenskan,Kalmar,kalmar,kalmar,kalmar,,2026,Sim,2012,2026
SWE,Suécia - Allsvenskan,Landskrona,landskrona,landskrona,landskrona,,2026,Não,2024,2024
SWE,Suécia - Allsvenskan,Ljungskile,ljungskile,ljungskile,ljungskile,,2026,Não,2014,2014
SWE,Suécia - Allsvenskan,Malmo FF,malmo ff,malmo,malmoff | mf | mff,malmo,2026,Sim,2012,2026
SWE,Suécia - Allsvenskan,Mjallby,mjallby,mjallby,mjallby,,2026,Sim,2012,2026
SWE,Suécia - Allsvenskan,Norrkoping,norrkoping,norrkoping,norrkoping,,2026,Não,2012,2025
SWE,Suécia - Allsvenskan,Orebro,orebro,orebro,orebro,,2026,Não,2012,2021
SWE,Suécia - Allsvenskan,Orgryte,orgryte,orgryte,orgryte,,2026,Sim,2026,2026
SWE,Suécia - Allsvenskan,Oster,oster,oster,oster,,2026,Não,2022,2025
SWE,Suécia - Allsvenskan,Osters,osters,osters,osters,,2026,Não,2013,2013
SWE,Suécia - Allsvenskan,Ostersunds,ostersunds,ostersunds,ostersunds,,2026,Não,2016,2021
SWE,Suécia - Allsvenskan,Sirius,sirius,sirius,sirius,,2026,Sim,2015,2026
SWE,Suécia - Allsvenskan,Sundsvall,sundsvall,sundsvall,sundsvall,,2026,Não,2012,2022
SWE,Suécia - Allsvenskan,Syrianska,syrianska,syrianska,syrianska,,2026,Não,2012,2013
SWE,Suécia - Allsvenskan,Trelleborgs,trelleborgs,trelleborgs,trelleborgs,,2026,Não,2017,2018
SWE,Suécia - Allsvenskan,Varberg,varberg,varberg,varberg,,2026,Não,2020,2023
SWE,Suécia - Allsvenskan,Varnamo,varnamo,varnamo,varnamo,,2026,Não,2022,2025
SWE,Suécia - Allsvenskan,Vasteras SK,vasteras sk,vasteras,vasterassk | vs | vsk,,2026,Sim,2024,2026
NOR,Noruega - Eliteserien,Aalesund,aalesund,aalesund,aalesund,,2026,Sim,2012,2026
NOR,Noruega - Eliteserien,Bodo/Glimt,bodo glimt,bodo glimt,bg | bodoglimt,,2026,Sim,2014,2026
NOR,Noruega - Eliteserien,Brann,brann,brann,brann,,2026,Sim,2012,2026
NOR,Noruega - Eliteserien,Bryne,bryne,bryne,bryne,,2026,Não,2025,2025
NOR,Noruega - Eliteserien,Fredrikstad,fredrikstad,fredrikstad,fredrikstad,,2026,Sim,2012,2026
NOR,Noruega - Eliteserien,Ham-Kam,ham kam,ham kam,hamkam | hk,,2026,Não,2022,2023
NOR,Noruega - Eliteserien,HamKam,hamkam,hamkam,hamkam,,2026,Sim,2023,2026
NOR,Noruega - Eliteserien,Haugesund,haugesund,haugesund,haugesund,,2026,Não,2012,2025
NOR,Noruega - Eliteserien,Honefoss,honefoss,honefoss,honefoss,,2026,Não,2012,2013
NOR,Noruega - Eliteserien,Jerv,jerv,jerv,jerv,,2026,Não,2015,2022
NOR,Noruega - Eliteserien,KFUM Oslo,kfum oslo,kfum oslo,kfumoslo | ko,,2026,Sim,2024,2026
NOR,Noruega - Eliteserien,Kongsvinger,kongsvinger,kongsvinger,kongsvinger,,2026,Não,2022,2022
NOR,Noruega - Eliteserien,Kristiansund,kristiansund,kristiansund,kristiansund,,2026,Sim,2017,2026
NOR,Noruega - Eliteserien,Lillestrom,lillestrom,lillestrom,lillestrom,,2026,Sim,2012,2026
NOR,Noruega - Eliteserien,Mjondalen,mjondalen,mjondalen,mjondalen,,2026,Não,2014,2021
NOR,Noruega - Eliteserien,Molde,molde,molde,molde,,2026,Sim,2012,2026
NOR,Noruega - Eliteserien,Moss,moss,moss,moss,,2026,Não,2024,2024
NOR,Noruega - Eliteserien,Odd,odd,odd,odd,,2026,Não,2012,2024
NOR,Noruega - Eliteserien,Ranheim,ranheim,ranheim,ranheim,,2026,Não,2013,2019
NOR,Noruega - Eliteserien,Rosenborg,rosenborg,rosenborg,rosenborg,,2026,Sim,2012,2026
NOR,Noruega - Eliteserien,Sandefjord,sandefjord,sandefjord,sandefjord,,2026,Sim,2015,2026
NOR,Noruega - Eliteserien,Sandnes,sandnes,sandnes,sandnes,,2026,Não,2012,2014
NOR,Noruega - Eliteserien,Sarpsborg 08,sarpsborg 08,sarpsborg,s0 | s08 | sarpsborg08,,2026,Sim,2013,2026
NOR,Noruega - Eliteserien,Sogndal,sogndal,sogndal,sogndal,,2026,Não,2012,2017
NOR,Noruega - Eliteserien,Stabaek,stabaek,stabaek,stabaek,,2026,Não,2012,2023
NOR,Noruega - Eliteserien,Start,start,start,start,,2026,Sim,2013,2026
NOR,Noruega - Eliteserien,Stromsgodset,stromsgodset,stromsgodset,stromsgodset,,2026,Não,2012,2025
NOR,Noruega - Eliteserien,Tromso,tromso,tromso,tromso,,2026,Sim,2012,2026
NOR,Noruega - Eliteserien,Ull/Kisa,ull kisa,ull kisa,uk | ullk | ullkisa,,2026,Não,2012,2012
NOR,Noruega - Eliteserien,Valerenga,valerenga,valerenga,valerenga,,2026,Sim,2012,2026
NOR,Noruega - Eliteserien,Viking,viking,viking,viking,,2026,Sim,2012,2026
FIN,Finlândia - Veikkausliiga,AC Oulu,ac oulu,oulu,aco | acoulu | ao,,2026,Sim,2021,2026
FIN,Finlândia - Veikkausliiga,Ekenas,ekenas,ekenas,ekenas,,2026,Não,2024,2024
FIN,Finlândia - Veikkausliiga,Gnistan,gnistan,gnistan,gnistan,,2026,Sim,2024,2026
FIN,Finlândia - Veikkausliiga,HIFK,hifk,hifk,hifk,,2026,Não,2015,2022
FIN,Finlândia - Veikkausliiga,HJK,hjk,hjk,hjk,helsingin jk,2026,Sim,2012,2026
FIN,Finlândia - Veikkausliiga,Haka,haka,haka,haka,,2026,Não,2012,2025
FIN,Finlândia - Veikkausliiga,Honka,honka,honka,honka,,2026,Não,2012,2023
FIN,Finlândia - Veikkausliiga,Ilves,ilves,ilves,ilves,ilves tampere | tampereen ilves,2026,Sim,2015,2026
FIN,Finlândia - Veikkausliiga,Inter Turku,inter turku,inter turku,interturku | it,,2026,Sim,2012,2026
FIN,Finlândia - Veikkausliiga,JJK Jyvaskyla,jjk jyvaskyla,jjk jyvaskyla,jj | jjkj | jjkjyvaskyla,,2026,Não,2012,2017
FIN,Finlândia - Veikkausliiga,Jaro,jaro,jaro,jaro,,2026,Sim,2012,2026
FIN,Finlândia - Veikkausliiga,KPV Kokkola,kpv kokkola,kpv kokkola,kk | kpvk | kpvkokkola,,2026,Não,2018,2019
FIN,Finlândia - Veikkausliiga,KTP,ktp,ktp,ktp,kotkan tyovaen palloilijat,2026,Não,2015,2025
FIN,Finlândia - Veikkausliiga,KuPS,kups,kups,kups,kuopion palloseura,2026,Sim,2012,2026
FIN,Finlândia - Veikkausliiga,Lahti,lahti,lahti,lahti,,2026,Sim,2012,2026
FIN,Finlândia - Veikkausliiga,Mariehamn,mariehamn,mariehamn,mariehamn,ifk mariehamn,2026,Sim,2012,2026
FIN,Finlândia - Veikkausliiga,MyPa,mypa,mypa,mypa,,2026,Não,2012,2014
FIN,Finlândia - Veikkausliiga,PK-35 Vantaa,pk 35 vantaa,pk 35 vantaa,p3v | pk35v | pk35vantaa,,2026,Não,2015,2016
FIN,Finlândia - Veikkausliiga,PS Kemi,ps kemi,ps kemi,pk | psk | pskemi,,2026,Não,2016,2018
FIN,Finlândia - Veikkausliiga,Rovaniemi,rovaniemi,rovaniemi,rovaniemi,,2026,Não,2013,2021
FIN,Finlândia - Veikkausliiga,SJK,sjk,sjk,sjk,seinajoen jalkapallokerho | seinajoen jk | sjk seinajoki,2026,Sim,2014,2026
FIN,Finlândia - Veikkausliiga,TPS,tps,tps,tps,,2026,Sim,2012,2026
FIN,Finlândia - Veikkausliiga,VPS,vps,vps,vps,vaasan palloseura | vps vaasa,2026,Sim,2012,2026
IRL,Irlanda - Premier Division,Athlone,athlone,athlone,athlone,,2026,Não,2014,2014
IRL,Irlanda - Premier Division,Bohemians,bohemians,bohemians,bohemians,,2026,Sim,2012,2026
IRL,Irlanda - Premier Division,Bray,bray,bray,bray,,2026,Não,2012,2024
IRL,Irlanda - Premier Division,Cabinteely,cabinteely,cabinteely,cabinteely,,2026,Não,2019,2019
IRL,Irlanda - Premier Division,Cobh Ramblers,cobh ramblers,cobh ramblers,cobhramblers | cr,,2026,Não,2016,2016
IRL,Irlanda - Premier Division,Cork City,cork city,cork city,cc | corkcity,,2026,Sim,2012,2025
IRL,Irlanda - Premier Division,Derry City,derry city,derry city,dc | derrycity,,2026,Sim,2012,2026
IRL,Irlanda - Premier Division,Drogheda,drogheda,drogheda,drogheda,,2026,Sim,2012,2026
IRL,Irlanda - Premier Division,Dundalk,dundalk,dundalk,dundalk,,2026,Sim,2012,2026
IRL,Irlanda - Premier Division,Finn Harps,finn harps,finn harps,fh | finnharps,,2026,Não,2015,2022
IRL,Irlanda - Premier Division,Galway,galway,galway,galway,,2026,Sim,2014,2026
IRL,Irlanda - Premier Division,Limerick,limerick,limerick,limerick,,2026,Não,2013,2018
IRL,Irlanda - Premier Division,Longford,longford,longford,longford,,2026,Não,2012,2021
IRL,Irlanda - Premier Division,Mervue,mervue,mervue,mervue,,2026,Não,2013,2013
IRL,Irlanda - Premier Division,Monaghan,monaghan,monaghan,monaghan,,2026,Não,2012,2012
IRL,Irlanda - Premier Division,Shamrock Rovers,shamrock rovers,shamrock rovers,shamrockrovers | sr,,2026,Sim,2012,2026
IRL,Irlanda - Premier Division,Shelbourne,shelbourne,shelbourne,shelbourne,,2026,Sim,2012,2026
IRL,Irlanda - Premier Division,Sligo Rovers,sligo rovers,sligo rovers,sligorovers | sr,,2026,Sim,2012,2026
IRL,Irlanda - Premier Division,St. Patricks,st patricks,st patricks,sp | stp | stpatricks,st patricks athletic,2026,Sim,2012,2026
IRL,Irlanda - Premier Division,Treaty United,treaty united,treaty united,treatyunited | tu,,2026,Não,2021,2021
IRL,Irlanda - Premier Division,UC Dublin,uc dublin,uc dublin,ucd | ucdublin | ud,university college dublin,2026,Não,2012,2023
IRL,Irlanda - Premier Division,Waterford,waterford,waterford,waterford,,2026,Sim,2012,2026
IRL,Irlanda - Premier Division,Wexford,wexford,wexford,wexford,,2026,Não,2016,2016
E0,Inglaterra - Premier League,Arsenal,arsenal,arsenal,arsenal,,2025,Sim,2012,2025
E0,Inglaterra - Premier League,Aston Villa,aston villa,aston villa,astonvilla | av,,2025,Sim,2012,2025
E0,Inglaterra - Premier League,Bournemouth,bournemouth,bournemouth,bournemouth,,2025,Sim,2015,2025
E0,Inglaterra - Premier League,Brentford,brentford,brentford,brentford,,2025,Sim,2021,2025
E0,Inglaterra - Premier League,Brighton,brighton,brighton,brighton,,2025,Sim,2017,2025
E0,Inglaterra - Premier League,Burnley,burnley,burnley,burnley,,2025,Sim,2014,2025
E0,Inglaterra - Premier League,Cardiff,cardiff,cardiff,cardiff,,2025,Não,2013,2018
E0,Inglaterra - Premier League,Chelsea,chelsea,chelsea,chelsea,,2025,Sim,2012,2025
E0,Inglaterra - Premier League,Crystal Palace,crystal palace,crystal palace,cp | crystalpalace,,2025,Sim,2013,2025
E0,Inglaterra - Premier League,Everton,everton,everton,everton,,2025,Sim,2012,2025
E0,Inglaterra - Premier League,Fulham,fulham,fulham,fulham,,2025,Sim,2012,2025
E0,Inglaterra - Premier League,Huddersfield,huddersfield,huddersfield,huddersfield,,2025,Não,2017,2018
E0,Inglaterra - Premier League,Hull,hull,hull,hull,,2025,Não,2013,2016
E0,Inglaterra - Premier League,Ipswich,ipswich,ipswich,ipswich,,2025,Não,2024,2024
E0,Inglaterra - Premier League,Leeds,leeds,leeds,leeds,,2025,Sim,2020,2025
E0,Inglaterra - Premier League,Leicester,leicester,leicester,leicester,,2025,Não,2014,2024
E0,Inglaterra - Premier League,Liverpool,liverpool,liverpool,liverpool,,2025,Sim,2012,2025
E0,Inglaterra - Premier League,Luton,luton,luton,luton,,2025,Não,2023,2023
E0,Inglaterra - Premier League,Man City,man city,man city,manc | mancity | mc,manchester city,2025,Sim,2012,2025
E0,Inglaterra - Premier League,Man United,man united,man united,manu | manunited | mu,manchester united,2025,Sim,2012,2025
E0,Inglaterra - Premier League,Middlesbrough,middlesbrough,middlesbrough,middlesbrough,,2025,Não,2016,2016
E0,Inglaterra - Premier League,Newcastle,newcastle,newcastle,newcastle,,2025,Sim,2012,2025
E0,Inglaterra - Premier League,Norwich,norwich,norwich,norwich,,2025,Não,2012,2021
E0,Inglaterra - Premier League,Nott'm Forest,nott m forest,nott m forest,nmf | nottmforest,nottingham forest,2025,Sim,2022,2025
E0,Inglaterra - Premier League,QPR,qpr,qpr,qpr,queens park rangers,2025,Não,2012,2014
E0,Inglaterra - Premier League,Reading,reading,reading,reading,,2025,Não,2012,2012
E0,Inglaterra - Premier League,Sheffield United,sheffield united,sheffield united,sheffieldunited | su,,2025,Não,2019,2023
E0,Inglaterra - Premier League,Southampton,southampton,southampton,southampton,,2025,Não,2012,2024
E0,Inglaterra - Premier League,Stoke,stoke,stoke,stoke,,2025,Não,2012,2017
E0,Inglaterra - Premier League,Sunderland,sunderland,sunderland,sunderland,,2025,Sim,2012,2025
E0,Inglaterra - Premier League,Swansea,swansea,swansea,swansea,,2025,Não,2012,2017
E0,Inglaterra - Premier League,Tottenham,tottenham,tottenham,tottenham,tottenham hotspur,2025,Sim,2012,2025
E0,Inglaterra - Premier League,Watford,watford,watford,watford,,2025,Não,2015,2021
E0,Inglaterra - Premier League,West Brom,west brom,west brom,wb | westbrom,west bromwich albion,2025,Não,2012,2020
E0,Inglaterra - Premier League,West Ham,west ham,west ham,westham | wh | wham,,2025,Sim,2012,2025
E0,Inglaterra - Premier League,Wigan,wigan,wigan,wigan,,2025,Não,2012,2012
E0,Inglaterra - Premier League,Wolves,wolves,wolves,wolves,wolverhampton wanderers,2025,Sim,2018,2025
E1,Inglaterra - Championship,Aston Villa,aston villa,aston villa,astonvilla | av,,2025,Não,2016,2018
E1,Inglaterra - Championship,Barnsley,barnsley,barnsley,barnsley,,2025,Não,2012,2021
E1,Inglaterra - Championship,Birmingham,birmingham,birmingham,birmingham,,2025,Sim,2012,2025
E1,Inglaterra - Championship,Blackburn,blackburn,blackburn,blackburn,,2025,Sim,2012,2025
E1,Inglaterra - Championship,Blackpool,blackpool,blackpool,blackpool,,2025,Não,2012,2022
E1,Inglaterra - Championship,Bolton,bolton,bolton,bolton,,2025,Não,2012,2018
E1,Inglaterra - Championship,Bournemouth,bournemouth,bournemouth,bournemouth,,2025,Não,2013,2021
E1,Inglaterra - Championship,Brentford,brentford,brentford,brentford,,2025,Não,2014,2020
E1,Inglaterra - Championship,Brighton,brighton,brighton,brighton,,2025,Não,2012,2016
E1,Inglaterra - Championship,Bristol City,bristol city,bristol city,bc | bristolcity,,2025,Sim,2012,2025
E1,Inglaterra - Championship,Burnley,burnley,burnley,burnley,,2025,Não,2012,2024
E1,Inglaterra - Championship,Burton,burton,burton,burton,,2025,Não,2016,2017
E1,Inglaterra - Championship,Cardiff,cardiff,cardiff,cardiff,,2025,Não,2012,2024
E1,Inglaterra - Championship,Charlton,charlton,charlton,charlton,,2025,Sim,2012,2025
E1,Inglaterra - Championship,Coventry,coventry,coventry,coventry,,2025,Sim,2020,2025
E1,Inglaterra - Championship,Crystal Palace,crystal palace,crystal palace,cp | crystalpalace,,2025,Não,2012,2012
E1,Inglaterra - Championship,Derby,derby,derby,derby,,2025,Sim,2012,2025
E1,Inglaterra - Championship,Doncaster,doncaster,doncaster,doncaster,,2025,Não,2013,2013
E1,Inglaterra - Championship,Fulham,fulham,fulham,fulham,,2025,Não,2014,2021
E1,Inglaterra - Championship,Huddersfield,huddersfield,huddersfield,huddersfield,,2025,Não,2012,2023
E1,Inglaterra - Championship,Hull,hull,hull,hull,,2025,Sim,2012,2025
E1,Inglaterra - Championship,Ipswich,ipswich,ipswich,ipswich,,2025,Sim,2012,2025
E1,Inglaterra - Championship,Leeds,leeds,leeds,leeds,,2025,Não,2012,2024
E1,Inglaterra - Championship,Leicester,leicester,leicester,leicester,,2025,Sim,2012,2025
E1,Inglaterra - Championship,Luton,luton,luton,luton,,2025,Não,2019,2024
E1,Inglaterra - Championship,Middlesbrough,middlesbrough,middlesbrough,middlesbrough,,2025,Sim,2012,2025
E1,Inglaterra - Championship,Millwall,millwall,millwall,millwall,,2025,Sim,2012,2025
E1,Inglaterra - Championship,Milton Keynes Dons,milton keynes dons,milton keynes dons,miltonkeynesdons | mkd,milton keynes dons | mk dons,2025,Não,2015,2015
E1,Inglaterra - Championship,Newcastle,newcastle,newcastle,newcastle,,2025,Não,2016,2016
E1,Inglaterra - Championship,Norwich,norwich,norwich,norwich,,2025,Sim,2014,2025
E1,Inglaterra - Championship,Nott'm Forest,nott m forest,nott m forest,nmf | nottmforest,nottingham forest,2025,Não,2012,2021
E1,Inglaterra - Championship,Oxford,oxford,oxford,oxford,,2025,Sim,2024,2025
E1,Inglaterra - Championship,Peterboro,peterboro,peterboro,peterboro,peterborough united,2025,Não,2012,2021
E1,Inglaterra - Championship,Plymouth,plymouth,plymouth,plymouth,,2025,Não,2023,2024
E1,Inglaterra - Championship,Portsmouth,portsmouth,portsmouth,portsmouth,,2025,Sim,2024,2025
E1,Inglaterra - Championship,Preston,preston,preston,preston,,2025,Sim,2015,2025
E1,Inglaterra - Championship,QPR,qpr,qpr,qpr,queens park rangers,2025,Sim,2013,2025
E1,Inglaterra - Championship,Reading,reading,reading,reading,,2025,Não,2013,2022
E1,Inglaterra - Championship,Rotherham,rotherham,rotherham,rotherham,,2025,Não,2014,2023
E1,Inglaterra - Championship,Sheffield United,sheffield united,sheffield united,sheffieldunited | su,,2025,Sim,2017,2025
E1,Inglaterra - Championship,Sheffield Weds,sheffield weds,sheffield weds,sheffieldweds | sw,sheffield wednesday,2025,Sim,2012,2025
E1,Inglaterra - Championship,Southampton,southampton,southampton,southampton,,2025,Sim,2023,2025
E1,Inglaterra - Championship,Stoke,stoke,stoke,stoke,,2025,Sim,2018,2025
E1,Inglaterra - Championship,Sunderland,sunderland,sunderland,sunderland,,2025,Não,2017,2024
E1,Inglaterra - Championship,Swansea,swansea,swansea,swansea,,2025,Sim,2018,2025
E1,Inglaterra - Championship,Watford,watford,watford,watford,,2025,Sim,2012,2025
E1,Inglaterra - Championship,West Brom,west brom,west brom,wb | westbrom,west bromwich albion,2025,Sim,2018,2025
E1,Inglaterra - Championship,Wigan,wigan,wigan,wigan,,2025,Não,2013,2022
E1,Inglaterra - Championship,Wolves,wolves,wolves,wolves,wolverhampton wanderers,2025,Não,2012,2017
E1,Inglaterra - Championship,Wrexham,wrexham,wrexham,wrexham,,2025,Sim,2025,2025
E1,Inglaterra - Championship,Wycombe,wycombe,wycombe,wycombe,,2025,Não,2020,2020
E1,Inglaterra - Championship,Yeovil,yeovil,yeovil,yeovil,,2025,Não,2013,2013
SP1,Espanha - La Liga,Alaves,alaves,alaves,alaves,,2025,Sim,2016,2025
SP1,Espanha - La Liga,Almeria,almeria,almeria,almeria,,2025,Não,2013,2023
SP1,Espanha - La Liga,Ath Bilbao,ath bilbao,ath bilbao,ab | athb | athbilbao,athletic bilbao,2025,Sim,2012,2025
SP1,Espanha - La Liga,Ath Madrid,ath madrid,ath madrid,am | athm | athmadrid,atletico madrid,2025,Sim,2012,2025
SP1,Espanha - La Liga,Barcelona,barcelona,barcelona,barcelona,,2025,Sim,2012,2025
SP1,Espanha - La Liga,Betis,betis,betis,betis,real betis,2025,Sim,2012,2025
SP1,Espanha - La Liga,Cadiz,cadiz,cadiz,cadiz,,2025,Não,2020,2023
SP1,Espanha - La Liga,Celta,celta,celta,celta,,2025,Sim,2012,2025
SP1,Espanha - La Liga,Cordoba,cordoba,cordoba,cordoba,,2025,Não,2014,2014
SP1,Espanha - La Liga,Eibar,eibar,eibar,eibar,,2025,Não,2014,2020
SP1,Espanha - La Liga,Elche,elche,elche,elche,,2025,Sim,2013,2025
SP1,Espanha - La Liga,Espanol,espanol,espanol,espanol,espanyol,2025,Sim,2012,2025
SP1,Espanha - La Liga,Getafe,getafe,getafe,getafe,,2025,Sim,2012,2025
SP1,Espanha - La Liga,Girona,girona,girona,girona,,2025,Sim,2017,2025
SP1,Espanha - La Liga,Granada,granada,granada,granada,,2025,Não,2012,2023
SP1,Espanha - La Liga,Huesca,huesca,huesca,huesca,,2025,Não,2018,2020
SP1,Espanha - La Liga,La Coruna,la coruna,la coruna,lac | lacoruna | lc,deportivo la coruna,2025,Não,2012,2017
SP1,Espanha - La Liga,Las Palmas,las palmas,las palmas,lasp | laspalmas | lp,,2025,Não,2015,2024
SP1,Espanha - La Liga,Leganes,leganes,leganes,leganes,,2025,Não,2016,2024
SP1,Espanha - La Liga,Levante,levante,levante,levante,,2025,Sim,2012,2025
SP1,Espanha - La Liga,Malaga,malaga,malaga,malaga,,2025,Não,2012,2017
SP1,Espanha - La Liga,Mallorca,mallorca,mallorca,mallorca,,2025,Sim,2012,2025
SP1,Espanha - La Liga,Osasuna,osasuna,osasuna,osasuna,,2025,Sim,2012,2025
SP1,Espanha - La Liga,Oviedo,oviedo,oviedo,oviedo,real oviedo,2025,Sim,2025,2025
SP1,Espanha - La Liga,Real Madrid,real madrid,real madrid,realmadrid | rm,,2025,Sim,2012,2025
SP1,Espanha - La Liga,Sevilla,sevilla,sevilla,sevilla,,2025,Sim,2012,2025
SP1,Espanha - La Liga,Sociedad,sociedad,sociedad,sociedad,real sociedad,2025,Sim,2012,2025
SP1,Espanha - La Liga,Sp Gijon,sp gijon,gijon,sg | spg | spgijon,sporting gijon,2025,Não,2015,2016
SP1,Espanha - La Liga,Valencia,valencia,valencia,valencia,,2025,Sim,2012,2025
SP1,Espanha - La Liga,Valladolid,valladolid,valladolid,valladolid,real valladolid,2025,Não,2012,2024
SP1,Espanha - La Liga,Vallecano,vallecano,vallecano,vallecano,rayo vallecano,2025,Sim,2012,2025
SP1,Espanha - La Liga,Villarreal,villarreal,villarreal,villarreal,,2025,Sim,2013,2025
SP1,Espanha - La Liga,Zaragoza,zaragoza,zaragoza,zaragoza,real zaragoza,2025,Não,2012,2012
SP2,Espanha - Segunda Divisão,Alaves,alaves,alaves,alaves,,2025,Não,2013,2022
SP2,Espanha - Segunda Divisão,Albacete,albacete,albacete,albacete,,2025,Sim,2014,2025
SP2,Espanha - Segunda Divisão,Alcorcon,alcorcon,alcorcon,alcorcon,,2025,Não,2012,2023
SP2,Espanha - Segunda Divisão,Almeria,almeria,almeria,almeria,,2025,Sim,2012,2025
SP2,Espanha - Segunda Divisão,Amorebieta,amorebieta,amorebieta,amorebieta,,2025,Não,2021,2023
SP2,Espanha - Segunda Divisão,Andorra,andorra,andorra,andorra,,2025,Sim,2022,2025
SP2,Espanha - Segunda Divisão,Ath Bilbao B,ath bilbao b,ath bilbao b,abb | athbb | athbilbaob,,2025,Não,2015,2015
SP2,Espanha - Segunda Divisão,Barcelona B,barcelona b,barcelona b,barcelonab | bb,,2025,Não,2012,2017
SP2,Espanha - Segunda Divisão,Betis,betis,betis,betis,real betis,2025,Não,2014,2014
SP2,Espanha - Segunda Divisão,Burgos,burgos,burgos,burgos,,2025,Sim,2021,2025
SP2,Espanha - Segunda Divisão,Cadiz,cadiz,cadiz,cadiz,,2025,Sim,2016,2025
SP2,Espanha - Segunda Divisão,Cartagena,cartagena,cartagena,cartagena,,2025,Não,2020,2024
SP2,Espanha - Segunda Divisão,Castellon,castellon,castellon,castellon,,2025,Sim,2020,2025
SP2,Espanha - Segunda Divisão,Ceuta,ceuta,ceuta,ceuta,,2025,Sim,2025,2025
SP2,Espanha - Segunda Divisão,Cordoba,cordoba,cordoba,cordoba,,2025,Sim,2012,2025
SP2,Espanha - Segunda Divisão,Cultural Leonesa,cultural leonesa,cultural leonesa,cl | culturalleonesa,,2025,Sim,2025,2025
SP2,Espanha - Segunda Divisão,Eibar,eibar,eibar,eibar,,2025,Sim,2013,2025
SP2,Espanha - Segunda Divisão,Elche,elche,elche,elche,,2025,Não,2012,2024
SP2,Espanha - Segunda Divisão,Eldense,eldense,eldense,eldense,,2025,Não,2023,2024
SP2,Espanha - Segunda Divisão,Espanol,espanol,espanol,espanol,espanyol,2025,Não,2020,2023
SP2,Espanha - Segunda Divisão,Extremadura UD,extremadura ud,extremadura,eu | eud | extremaduraud,,2025,Não,2018,2019
SP2,Espanha - Segunda Divisão,Ferrol,ferrol,ferrol,ferrol,,2025,Não,2023,2024
SP2,Espanha - Segunda Divisão,Fuenlabrada,fuenlabrada,fuenlabrada,fuenlabrada,,2025,Não,2019,2021
SP2,Espanha - Segunda Divisão,Getafe,getafe,getafe,getafe,,2025,Não,2016,2016
SP2,Espanha - Segunda Divisão,Gimnastic,gimnastic,gimnastic,gimnastic,,2025,Não,2015,2018
SP2,Espanha - Segunda Divisão,Girona,girona,girona,girona,,2025,Não,2012,2021
SP2,Espanha - Segunda Divisão,Granada,granada,granada,granada,,2025,Sim,2017,2025
SP2,Espanha - Segunda Divisão,Guadalajara,guadalajara,guadalajara,guadalajara,,2025,Não,2012,2012
SP2,Espanha - Segunda Divisão,Hercules,hercules,hercules,hercules,,2025,Não,2012,2013
SP2,Espanha - Segunda Divisão,Huesca,huesca,huesca,huesca,,2025,Sim,2012,2025
SP2,Espanha - Segunda Divisão,Ibiza,ibiza,ibiza,ibiza,,2025,Não,2021,2022
SP2,Espanha - Segunda Divisão,Jaen,jaen,jaen,jaen,,2025,Não,2013,2013
SP2,Espanha - Segunda Divisão,La Coruna,la coruna,la coruna,lac | lacoruna | lc,deportivo la coruna,2025,Sim,2013,2025
SP2,Espanha - Segunda Divisão,Las Palmas,las palmas,las palmas,lasp | laspalmas | lp,,2025,Sim,2012,2025
SP2,Espanha - Segunda Divisão,Leganes,leganes,leganes,leganes,,2025,Sim,2014,2025
SP2,Espanha - Segunda Divisão,Leonesa,leonesa,leonesa,leonesa,,2025,Não,2017,2017
SP2,Espanha - Segunda Divisão,Levante,levante,levante,levante,,2025,Não,2016,2024
SP2,Espanha - Segunda Divisão,Llagostera,llagostera,llagostera,llagostera,,2025,Não,2014,2015
SP2,Espanha - Segunda Divisão,Logrones,logrones,logrones,logrones,,2025,Não,2020,2020
SP2,Espanha - Segunda Divisão,Lorca,lorca,lorca,lorca,,2025,Não,2017,2017
SP2,Espanha - Segunda Divisão,Lugo,lugo,lugo,lugo,,2025,Não,2012,2022
SP2,Espanha - Segunda Divisão,Malaga,malaga,malaga,malaga,,2025,Sim,2018,2025
SP2,Espanha - Segunda Divisão,Mallorca,mallorca,mallorca,mallorca,,2025,Não,2013,2020
SP2,Espanha - Segunda Divisão,Mirandes,mirandes,mirandes,mirandes,,2025,Sim,2012,2025
SP2,Espanha - Segunda Divisão,Murcia,murcia,murcia,murcia,,2025,Não,2012,2013
SP2,Espanha - Segunda Divisão,Numancia,numancia,numancia,numancia,,2025,Não,2012,2019
SP2,Espanha - Segunda Divisão,Osasuna,osasuna,osasuna,osasuna,,2025,Não,2014,2018
SP2,Espanha - Segunda Divisão,Oviedo,oviedo,oviedo,oviedo,real oviedo,2025,Não,2015,2024
SP2,Espanha - Segunda Divisão,Ponferradina,ponferradina,ponferradina,ponferradina,,2025,Não,2012,2022
SP2,Espanha - Segunda Divisão,Rayo Majadahonda,rayo majadahonda,rayo majadahonda,rayomajadahonda | rm,,2025,Não,2018,2018
SP2,Espanha - Segunda Divisão,Real Madrid B,real madrid b,real madrid b,realmadridb | rmb,,2025,Não,2012,2013
SP2,Espanha - Segunda Divisão,Recreativo,recreativo,recreativo,recreativo,,2025,Não,2012,2014
SP2,Espanha - Segunda Divisão,Reus Deportiu,reus deportiu,reus deportiu,rd | reusdeportiu,,2025,Não,2016,2018
SP2,Espanha - Segunda Divisão,Sabadell,sabadell,sabadell,sabadell,,2025,Não,2012,2020
SP2,Espanha - Segunda Divisão,Santander,santander,santander,santander,,2025,Sim,2012,2025
SP2,Espanha - Segunda Divisão,Sevilla B,sevilla b,sevilla b,sb | sevillab,,2025,Não,2016,2017
SP2,Espanha - Segunda Divisão,Sociedad B,sociedad b,sociedad b,sb | sociedadb,,2025,Sim,2021,2025
SP2,Espanha - Segunda Divisão,Sp Gijon,sp gijon,gijon,sg | spg | spgijon,sporting gijon,2025,Sim,2012,2025
SP2,Espanha - Segunda Divisão,Tenerife,tenerife,tenerife,tenerife,,2025,Não,2013,2024
SP2,Espanha - Segunda Divisão,UCAM Murcia,ucam murcia,ucam murcia,ucammurcia | um,,2025,Não,2016,2016
SP2,Espanha - Segunda Divisão,Valladolid,valladolid,valladolid,valladolid,real valladolid,2025,Sim,2014,2025
SP2,Espanha - Segunda Divisão,Vallecano,vallecano,vallecano,vallecano,rayo vallecano,2025,Não,2016,2020
SP2,Espanha - Segunda Divisão,Villarreal,villarreal,villarreal,villarreal,,2025,Não,2012,2012
SP2,Espanha - Segunda Divisão,Villarreal B,villarreal b,villarreal b,vb | villarrealb,,2025,Não,2022,2023
SP2,Espanha - Segunda Divisão,Xerez,xerez,xerez,xerez,,2025,Não,2012,2012
SP2,Espanha - Segunda Divisão,Zaragoza,zaragoza,zaragoza,zaragoza,real zaragoza,2025,Sim,2013,2025
I1,Itália - Série A,Atalanta,atalanta,atalanta,atalanta,,2025,Sim,2012,2025
I1,Itália - Série A,Benevento,benevento,benevento,benevento,,2025,Não,2017,2020
I1,Itália - Série A,Bologna,bologna,bologna,bologna,,2025,Sim,2012,2025
I1,Itália - Série A,Brescia,brescia,brescia,brescia,,2025,Não,2019,2019
I1,Itália - Série A,Cagliari,cagliari,cagliari,cagliari,,2025,Sim,2012,2025
I1,Itália - Série A,Carpi,carpi,carpi,carpi,,2025,Não,2015,2015
I1,Itália - Série A,Catania,catania,catania,catania,,2025,Não,2012,2013
I1,Itália - Série A,Cesena,cesena,cesena,cesena,,2025,Não,2014,2014
I1,Itália - Série A,Chievo,chievo,chievo,chievo,,2025,Não,2012,2018
I1,Itália - Série A,Como,como,como,como,,2025,Sim,2024,2025
I1,Itália - Série A,Cremonese,cremonese,cremonese,cremonese,,2025,Sim,2022,2025
I1,Itália - Série A,Crotone,crotone,crotone,crotone,,2025,Não,2016,2020
I1,Itália - Série A,Empoli,empoli,empoli,empoli,,2025,Não,2014,2024
I1,Itália - Série A,Fiorentina,fiorentina,fiorentina,fiorentina,,2025,Sim,2012,2025
I1,Itália - Série A,Frosinone,frosinone,frosinone,frosinone,,2025,Não,2015,2023
I1,Itália - Série A,Genoa,genoa,genoa,genoa,,2025,Sim,2012,2025
I1,Itália - Série A,Inter,inter,inter,inter,inter milan | internazionale,2025,Sim,2012,2025
I1,Itália - Série A,Juventus,juventus,juventus,juventus,,2025,Sim,2012,2025
I1,Itália - Série A,Lazio,lazio,lazio,lazio,,2025,Sim,2012,2025
I1,Itália - Série A,Lecce,lecce,lecce,lecce,,2025,Sim,2019,2025
I1,Itália - Série A,Livorno,livorno,livorno,livorno,,2025,Não,2013,2013
I1,Itália - Série A,Milan,milan,milan,milan,ac milan,2025,Sim,2012,2025
I1,Itália - Série A,Monza,monza,monza,monza,,2025,Não,2022,2024
I1,Itália - Série A,Napoli,napoli,napoli,napoli,,2025,Sim,2012,2025
I1,Itália - Série A,Palermo,palermo,palermo,palermo,,2025,Não,2012,2016
I1,Itália - Série A,Parma,parma,parma,parma,,2025,Sim,2012,2025
I1,Itália - Série A,Pescara,pescara,pescara,pescara,,2025,Não,2012,2016
I1,Itália - Série A,Pisa,pisa,pisa,pisa,,2025,Sim,2025,2025
I1,Itália - Série A,Roma,roma,roma,roma,as roma,2025,Sim,2012,2025
I1,Itália - Série A,Salernitana,salernitana,salernitana,salernitana,,2025,Não,2021,2023
I1,Itália - Série A,Sampdoria,sampdoria,sampdoria,sampdoria,,2025,Não,2012,2022
I1,Itália - Série A,Sassuolo,sassuolo,sassuolo,sassuolo,,2025,Sim,2013,2025
I1,Itália - Série A,Siena,siena,siena,siena,,2025,Não,2012,2012
I1,Itália - Série A,Spal,spal,spal,spal,,2025,Não,2017,2019
I1,Itália - Série A,Spezia,spezia,spezia,spezia,,2025,Não,2020,2022
I1,Itália - Série A,Torino,torino,torino,torino,,2025,Sim,2012,2025
I1,Itália - Série A,Udinese,udinese,udinese,udinese,,2025,Sim,2012,2025
I1,Itália - Série A,Venezia,venezia,venezia,venezia,,2025,Não,2021,2024
I1,Itália - Série A,Verona,verona,verona,verona,hellas verona,2025,Sim,2013,2025
I2,Itália - Série B,Alessandria,alessandria,alessandria,alessandria,,2025,Não,2021,2021
I2,Itália - Série B,Ascoli,ascoli,ascoli,ascoli,,2025,Não,2012,2023
I2,Itália - Série B,Avellino,avellino,avellino,avellino,,2025,Sim,2013,2025
I2,Itália - Série B,Bari,bari,bari,bari,,2025,Sim,2012,2025
I2,Itália - Série B,Benevento,benevento,benevento,benevento,,2025,Não,2016,2022
I2,Itália - Série B,Bologna,bologna,bologna,bologna,,2025,Não,2014,2014
I2,Itália - Série B,Brescia,brescia,brescia,brescia,,2025,Não,2012,2024
I2,Itália - Série B,Cagliari,cagliari,cagliari,cagliari,,2025,Não,2015,2022
I2,Itália - Série B,Carpi,carpi,carpi,carpi,,2025,Não,2013,2018
I2,Itália - Série B,Carrarese,carrarese,carrarese,carrarese,,2025,Sim,2024,2025
I2,Itália - Série B,Catania,catania,catania,catania,,2025,Não,2014,2014
I2,Itália - Série B,Catanzaro,catanzaro,catanzaro,catanzaro,,2025,Sim,2023,2025
I2,Itália - Série B,Cesena,cesena,cesena,cesena,,2025,Sim,2012,2025
I2,Itália - Série B,Chievo,chievo,chievo,chievo,,2025,Não,2019,2020
I2,Itália - Série B,Cittadella,cittadella,cittadella,cittadella,,2025,Não,2012,2024
I2,Itália - Série B,Como,como,como,como,,2025,Não,2015,2023
I2,Itália - Série B,Cosenza,cosenza,cosenza,cosenza,,2025,Não,2018,2024
I2,Itália - Série B,Cremonese,cremonese,cremonese,cremonese,,2025,Não,2017,2024
I2,Itália - Série B,Crotone,crotone,crotone,crotone,,2025,Não,2012,2021
I2,Itália - Série B,Empoli,empoli,empoli,empoli,,2025,Sim,2012,2025
I2,Itália - Série B,FeralpiSalo,feralpisalo,feralpisalo,feralpisalo,,2025,Não,2023,2023
I2,Itália - Série B,Foggia,foggia,foggia,foggia,,2025,Não,2017,2018
I2,Itália - Série B,Frosinone,frosinone,frosinone,frosinone,,2025,Sim,2014,2025
I2,Itália - Série B,Genoa,genoa,genoa,genoa,,2025,Não,2022,2022
I2,Itália - Série B,Grosseto,grosseto,grosseto,grosseto,,2025,Não,2012,2012
I2,Itália - Série B,Juve Stabia,juve stabia,juve stabia,js | juvestabia,,2025,Sim,2012,2025
I2,Itália - Série B,Latina,latina,latina,latina,,2025,Não,2013,2016
I2,Itália - Série B,Lecce,lecce,lecce,lecce,,2025,Não,2018,2021
I2,Itália - Série B,Lecco,lecco,lecco,lecco,,2025,Não,2023,2023
I2,Itália - Série B,Livorno,livorno,livorno,livorno,,2025,Não,2012,2019
I2,Itália - Série B,Mantova,mantova,mantova,mantova,,2025,Sim,2024,2025
I2,Itália - Série B,Modena,modena,modena,modena,,2025,Sim,2012,2025
I2,Itália - Série B,Monza,monza,monza,monza,,2025,Sim,2020,2025
I2,Itália - Série B,Novara,novara,novara,novara,,2025,Não,2012,2017
I2,Itália - Série B,Padova,padova,padova,padova,,2025,Sim,2012,2025
I2,Itália - Série B,Palermo,palermo,palermo,palermo,,2025,Sim,2013,2025
I2,Itália - Série B,Parma,parma,parma,parma,,2025,Não,2017,2023
I2,Itália - Série B,Perugia,perugia,perugia,perugia,,2025,Não,2014,2022
I2,Itália - Série B,Pescara,pescara,pescara,pescara,,2025,Sim,2013,2025
I2,Itália - Série B,Pisa,pisa,pisa,pisa,,2025,Não,2016,2024
I2,Itália - Série B,Pordenone,pordenone,pordenone,pordenone,,2025,Não,2019,2021
I2,Itália - Série B,Pro Vercelli,pro vercelli,pro vercelli,prov | provercelli | pv,,2025,Não,2012,2017
I2,Itália - Série B,Reggiana,reggiana,reggiana,reggiana,,2025,Sim,2020,2025
I2,Itália - Série B,Reggina,reggina,reggina,reggina,,2025,Não,2012,2022
I2,Itália - Série B,Salernitana,salernitana,salernitana,salernitana,,2025,Não,2015,2024
I2,Itália - Série B,Sampdoria,sampdoria,sampdoria,sampdoria,,2025,Sim,2023,2025
I2,Itália - Série B,Sassuolo,sassuolo,sassuolo,sassuolo,,2025,Não,2012,2024
I2,Itália - Série B,Siena,siena,siena,siena,,2025,Não,2013,2013
I2,Itália - Série B,Spal,spal,spal,spal,,2025,Não,2016,2022
I2,Itália - Série B,Spezia,spezia,spezia,spezia,,2025,Sim,2012,2025
I2,Itália - Série B,Sudtirol,sudtirol,sudtirol,sudtirol,,2025,Sim,2022,2025
I2,Itália - Série B,Ternana,ternana,ternana,ternana,,2025,Não,2012,2023
I2,Itália - Série B,Trapani,trapani,trapani,trapani,,2025,Não,2013,2019
I2,Itália - Série B,Varese,varese,varese,varese,,2025,Não,2012,2014
I2,Itália - Série B,Venezia,venezia,venezia,venezia,,2025,Sim,2017,2025
I2,Itália - Série B,Verona,verona,verona,verona,hellas verona,2025,Não,2012,2018
I2,Itália - Série B,Vicenza,vicenza,vicenza,vicenza,,2025,Não,2012,2021
I2,Itália - Série B,Virtus Entella,virtus entella,virtus entella,ve | virtusentella,,2025,Sim,2014,2025
I2,Itália - Série B,Virtus Lanciano,virtus lanciano,virtus lanciano,virtuslanciano | vl,,2025,Não,2012,2015
D1,Alemanha - Bundesliga,Augsburg,augsburg,augsburg,augsburg,,2025,Sim,2012,2025
D1,Alemanha - Bundesliga,Bayern Munich,bayern munich,bayern munich,bayernmunich | bm,bayern muenchen | bayern munchen,2025,Sim,2012,2025
D1,Alemanha - Bundesliga,Bielefeld,bielefeld,bielefeld,bielefeld,arminia bielefeld | dsc arminia bielefeld,2025,Não,2020,2021
D1,Alemanha - Bundesliga,Bochum,bochum,bochum,bochum,vfl bochum,2025,Não,2021,2024
D1,Alemanha - Bundesliga,Braunschweig,braunschweig,braunschweig,braunschweig,eintracht braunschweig,2025,Não,2013,2013
D1,Alemanha - Bundesliga,Darmstadt,darmstadt,darmstadt,darmstadt,sv darmstadt 98,2025,Não,2015,2023
D1,Alemanha - Bundesliga,Dortmund,dortmund,dortmund,dortmund,borussia dortmund,2025,Sim,2012,2025
D1,Alemanha - Bundesliga,Ein Frankfurt,ein frankfurt,ein frankfurt,ef | einf | einfrankfurt,eintracht frankfurt,2025,Sim,2012,2025
D1,Alemanha - Bundesliga,FC Koln,fc koln,koln,fck | fckoln | fk,,2025,Sim,2014,2025
D1,Alemanha - Bundesliga,Fortuna Dusseldorf,fortuna dusseldorf,fortuna dusseldorf,fd,,2025,Não,2012,2019
D1,Alemanha - Bundesliga,Freiburg,freiburg,freiburg,freiburg,,2025,Sim,2012,2025
D1,Alemanha - Bundesliga,Greuther Furth,greuther furth,greuther furth,gf | greutherfurth,greuther furth | spvgg greuther furth,2025,Não,2012,2021
D1,Alemanha - Bundesliga,Hamburg,hamburg,hamburg,hamburg,hamburger sv,2025,Sim,2012,2025
D1,Alemanha - Bundesliga,Hannover,hannover,hannover,hannover,hannover 96,2025,Não,2012,2018
D1,Alemanha - Bundesliga,Heidenheim,heidenheim,heidenheim,heidenheim,1 fc heidenheim,2025,Sim,2023,2025
D1,Alemanha - Bundesliga,Hertha,hertha,hertha,hertha,hertha berlin | hertha bsc,2025,Não,2013,2022
D1,Alemanha - Bundesliga,Hoffenheim,hoffenheim,hoffenheim,hoffenheim,tsg hoffenheim,2025,Sim,2012,2025
D1,Alemanha - Bundesliga,Holstein Kiel,holstein kiel,holstein kiel,hk | holsteinkiel,,2025,Não,2024,2024
D1,Alemanha - Bundesliga,Ingolstadt,ingolstadt,ingolstadt,ingolstadt,,2025,Não,2015,2016
D1,Alemanha - Bundesliga,Leverkusen,leverkusen,leverkusen,leverkusen,bayer leverkusen,2025,Sim,2012,2025
D1,Alemanha - Bundesliga,M'gladbach,m gladbach,m gladbach,mg | mgladbach,borussia moenchengladbach | borussia monchengladbach,2025,Sim,2012,2025
D1,Alemanha - Bundesliga,Mainz,mainz,mainz,mainz,,2025,Sim,2012,2025
D1,Alemanha - Bundesliga,Nurnberg,nurnberg,nurnberg,nurnberg,1 fc nurnberg,2025,Não,2012,2018
D1,Alemanha - Bundesliga,Paderborn,paderborn,paderborn,paderborn,,2025,Não,2014,2019
D1,Alemanha - Bundesliga,RB Leipzig,rb leipzig,rb leipzig,rbl | rbleipzig | rl,,2025,Sim,2016,2025
D1,Alemanha - Bundesliga,Schalke 04,schalke 04,schalke,s0 | s04 | schalke04,,2025,Não,2012,2022
D1,Alemanha - Bundesliga,St Pauli,st pauli,st pauli,sp | stp | stpauli,fc st pauli,2025,Sim,2024,2025
D1,Alemanha - Bundesliga,Stuttgart,stuttgart,stuttgart,stuttgart,,2025,Sim,2012,2025
D1,Alemanha - Bundesliga,Union Berlin,union berlin,union berlin,ub | unionberlin,,2025,Sim,2019,2025
D1,Alemanha - Bundesliga,Werder Bremen,werder bremen,werder bremen,wb | werderbremen,,2025,Sim,2012,2025
D1,Alemanha - Bundesliga,Wolfsburg,wolfsburg,wolfsburg,wolfsburg,vfl wolfsburg,2025,Sim,2012,2025
D2,Alemanha - 2. Bundesliga,Aalen,aalen,aalen,aalen,,2025,Não,2012,2014
D2,Alemanha - 2. Bundesliga,Bielefeld,bielefeld,bielefeld,bielefeld,arminia bielefeld | dsc arminia bielefeld,2025,Sim,2013,2025
D2,Alemanha - 2. Bundesliga,Bochum,bochum,bochum,bochum,vfl bochum,2025,Sim,2012,2025
D2,Alemanha - 2. Bundesliga,Braunschweig,braunschweig,braunschweig,braunschweig,eintracht braunschweig,2025,Sim,2012,2025
D2,Alemanha - 2. Bundesliga,Cottbus,cottbus,cottbus,cottbus,energie cottbus | fc energie cottbus,2025,Não,2012,2013
D2,Alemanha - 2. Bundesliga,Darmstadt,darmstadt,darmstadt,darmstadt,sv darmstadt 98,2025,Sim,2014,2025
D2,Alemanha - 2. Bundesliga,Dresden,dresden,dresden,dresden,dynamo dresden | sg dynamo dresden,2025,Sim,2012,2025
D2,Alemanha - 2. Bundesliga,Duisburg,duisburg,duisburg,duisburg,,2025,Não,2012,2018
D2,Alemanha - 2. Bundesliga,Elversberg,elversberg,elversberg,elversberg,,2025,Sim,2023,2025
D2,Alemanha - 2. Bundesliga,Erzgebirge Aue,erzgebirge aue,erzgebirge aue,ea | eaue | erzgebirgeaue,,2025,Não,2012,2021
D2,Alemanha - 2. Bundesliga,FC Koln,fc koln,koln,fck | fckoln | fk,,2025,Não,2012,2024
D2,Alemanha - 2. Bundesliga,Fortuna Dusseldorf,fortuna dusseldorf,fortuna dusseldorf,fd,,2025,Sim,2013,2025
D2,Alemanha - 2. Bundesliga,Frankfurt FSV,frankfurt fsv,frankfurt,ff | ffsv | frankfurtfsv,,2025,Não,2012,2015
D2,Alemanha - 2. Bundesliga,Freiburg,freiburg,freiburg,freiburg,,2025,Não,2015,2015
D2,Alemanha - 2. Bundesliga,Greuther Furth,greuther furth,greuther furth,gf | greutherfurth,greuther furth | spvgg greuther furth,2025,Sim,2013,2025
D2,Alemanha - 2. Bundesliga,Hamburg,hamburg,hamburg,hamburg,hamburger sv,2025,Não,2018,2024
D2,Alemanha - 2. Bundesliga,Hannover,hannover,hannover,hannover,hannover 96,2025,Sim,2016,2025
D2,Alemanha - 2. Bundesliga,Hansa Rostock,hansa rostock,hansa rostock,hansarostock | hr,,2025,Não,2021,2023
D2,Alemanha - 2. Bundesliga,Heidenheim,heidenheim,heidenheim,heidenheim,1 fc heidenheim,2025,Não,2014,2022
D2,Alemanha - 2. Bundesliga,Hertha,hertha,hertha,hertha,hertha berlin | hertha bsc,2025,Sim,2012,2025
D2,Alemanha - 2. Bundesliga,Holstein Kiel,holstein kiel,holstein kiel,hk | holsteinkiel,,2025,Sim,2017,2025
D2,Alemanha - 2. Bundesliga,Ingolstadt,ingolstadt,ingolstadt,ingolstadt,,2025,Não,2012,2021
D2,Alemanha - 2. Bundesliga,Kaiserslautern,kaiserslautern,kaiserslautern,kaiserslautern,1 fc kaiserslautern,2025,Sim,2012,2025
D2,Alemanha - 2. Bundesliga,Karlsruhe,karlsruhe,karlsruhe,karlsruhe,karlsruher sc,2025,Sim,2013,2025
D2,Alemanha - 2. Bundesliga,Magdeburg,magdeburg,magdeburg,magdeburg,1 fc magdeburg,2025,Sim,2018,2025
D2,Alemanha - 2. Bundesliga,Munich 1860,munich 1860,munich 1860,m1 | munich1860,,2025,Não,2012,2016
D2,Alemanha - 2. Bundesliga,Nurnberg,nurnberg,nurnberg,nurnberg,1 fc nurnberg,2025,Sim,2014,2025
D2,Alemanha - 2. Bundesliga,Osnabruck,osnabruck,osnabruck,osnabruck,vfl osnabruck,2025,Não,2019,2023
D2,Alemanha - 2. Bundesliga,Paderborn,paderborn,paderborn,paderborn,,2025,Sim,2012,2025
D2,Alemanha - 2. Bundesliga,Preußen Münster,preussen munster,preussen munster,pm | preussenmunster,,2025,Sim,2024,2025
D2,Alemanha - 2. Bundesliga,RB Leipzig,rb leipzig,rb leipzig,rbl | rbleipzig | rl,,2025,Não,2014,2015
D2,Alemanha - 2. Bundesliga,Regensburg,regensburg,regensburg,regensburg,,2025,Não,2012,2024
D2,Alemanha - 2. Bundesliga,Sandhausen,sandhausen,sandhausen,sandhausen,,2025,Não,2012,2022
D2,Alemanha - 2. Bundesliga,Schalke 04,schalke 04,schalke,s0 | s04 | schalke04,,2025,Sim,2021,2025
D2,Alemanha - 2. Bundesliga,St Pauli,st pauli,st pauli,sp | stp | stpauli,fc st pauli,2025,Não,2012,2023
D2,Alemanha - 2. Bundesliga,Stuttgart,stuttgart,stuttgart,stuttgart,,2025,Não,2016,2019
D2,Alemanha - 2. Bundesliga,Ulm,ulm,ulm,ulm,,2025,Não,2024,2024
D2,Alemanha - 2. Bundesliga,Union Berlin,union berlin,union berlin,ub | unionberlin,,2025,Não,2012,2018
D2,Alemanha - 2. Bundesliga,Wehen,wehen,wehen,wehen,,2025,Não,2019,2023
D2,Alemanha - 2. Bundesliga,Werder Bremen,werder bremen,werder bremen,wb | werderbremen,,2025,Não,2021,2021
D2,Alemanha - 2. Bundesliga,Wurzburger Kickers,wurzburger kickers,wurzburger kickers,wk,,2025,Não,2016,2020
F1,França - Ligue 1,Ajaccio,ajaccio,ajaccio,ajaccio,,2025,Não,2012,2022
F1,França - Ligue 1,Ajaccio GFCO,ajaccio gfco,ajaccio gfco,ag | ajacciogfco,,2025,Não,2015,2015
F1,França - Ligue 1,Amiens,amiens,amiens,amiens,,2025,Não,2017,2019
F1,França - Ligue 1,Angers,angers,angers,angers,,2025,Sim,2015,2025
F1,França - Ligue 1,Auxerre,auxerre,auxerre,auxerre,,2025,Sim,2022,2025
F1,França - Ligue 1,Bastia,bastia,bastia,bastia,,2025,Não,2012,2016
F1,França - Ligue 1,Bordeaux,bordeaux,bordeaux,bordeaux,,2025,Não,2012,2021
F1,França - Ligue 1,Brest,brest,brest,brest,,2025,Sim,2012,2025
F1,França - Ligue 1,Caen,caen,caen,caen,,2025,Não,2014,2018
F1,França - Ligue 1,Clermont,clermont,clermont,clermont,,2025,Não,2021,2023
F1,França - Ligue 1,Dijon,dijon,dijon,dijon,,2025,Não,2016,2020
F1,França - Ligue 1,Evian Thonon Gaillard,evian thonon gaillard,evian thonon gaillard,etg,,2025,Não,2012,2014
F1,França - Ligue 1,Guingamp,guingamp,guingamp,guingamp,,2025,Não,2013,2018
F1,França - Ligue 1,Le Havre,le havre,le havre,leh | lehavre | lh,,2025,Sim,2023,2025
F1,França - Ligue 1,Lens,lens,lens,lens,,2025,Sim,2014,2025
F1,França - Ligue 1,Lille,lille,lille,lille,losc lille,2025,Sim,2012,2025
F1,França - Ligue 1,Lorient,lorient,lorient,lorient,,2025,Sim,2012,2025
F1,França - Ligue 1,Lyon,lyon,lyon,lyon,olympique lyonnais,2025,Sim,2012,2025
F1,França - Ligue 1,Marseille,marseille,marseille,marseille,olympique marseille,2025,Sim,2012,2025
F1,França - Ligue 1,Metz,metz,metz,metz,,2025,Sim,2014,2025
F1,França - Ligue 1,Monaco,monaco,monaco,monaco,as monaco,2025,Sim,2013,2025
F1,França - Ligue 1,Montpellier,montpellier,montpellier,montpellier,,2025,Não,2012,2024
F1,França - Ligue 1,Nancy,nancy,nancy,nancy,,2025,Não,2012,2016
F1,França - Ligue 1,Nantes,nantes,nantes,nantes,,2025,Sim,2013,2025
F1,França - Ligue 1,Nice,nice,nice,nice,,2025,Sim,2012,2025
F1,França - Ligue 1,Nimes,nimes,nimes,nimes,,2025,Não,2018,2020
F1,França - Ligue 1,Paris FC,paris fc,paris,parisfc | pf | pfc,,2025,Sim,2025,2025
F1,França - Ligue 1,Paris SG,paris sg,paris,parissg | ps | psg,paris saint germain | paris st germain | psg,2025,Sim,2012,2025
F1,França - Ligue 1,Reims,reims,reims,reims,,2025,Não,2012,2024
F1,França - Ligue 1,Rennes,rennes,rennes,rennes,,2025,Sim,2012,2025
F1,França - Ligue 1,Sochaux,sochaux,sochaux,sochaux,,2025,Não,2012,2013
F1,França - Ligue 1,St Etienne,st etienne,st etienne,se | ste | stetienne,as saint etienne,2025,Não,2012,2024
F1,França - Ligue 1,Strasbourg,strasbourg,strasbourg,strasbourg,,2025,Sim,2017,2025
F1,França - Ligue 1,Toulouse,toulouse,toulouse,toulouse,,2025,Sim,2012,2025
F1,França - Ligue 1,Troyes,troyes,troyes,troyes,,2025,Não,2012,2022
F1,França - Ligue 1,Valenciennes,valenciennes,valenciennes,valenciennes,,2025,Não,2012,2013
P1,Portugal - Primeira Liga,AVS,avs,avs,avs,,2025,Sim,2024,2025
P1,Portugal - Primeira Liga,Academica,academica,academica,academica,,2025,Não,2012,2015
P1,Portugal - Primeira Liga,Alverca,alverca,alverca,alverca,,2025,Sim,2025,2025
P1,Portugal - Primeira Liga,Arouca,arouca,arouca,arouca,,2025,Sim,2013,2025
P1,Portugal - Primeira Liga,Aves,aves,aves,aves,,2025,Não,2017,2019
P1,Portugal - Primeira Liga,Beira Mar,beira mar,beira mar,beiramar | bm | bmar,,2025,Não,2012,2012
P1,Portugal - Primeira Liga,Belenenses,belenenses,belenenses,belenenses,,2025,Não,2013,2021
P1,Portugal - Primeira Liga,Benfica,benfica,benfica,benfica,sl benfica,2025,Sim,2012,2025
P1,Portugal - Primeira Liga,Boavista,boavista,boavista,boavista,,2025,Não,2014,2024
P1,Portugal - Primeira Liga,Casa Pia,casa pia,casa pia,casapia | cp | cpia,,2025,Sim,2022,2025
P1,Portugal - Primeira Liga,Chaves,chaves,chaves,chaves,,2025,Não,2016,2023
P1,Portugal - Primeira Liga,Estoril,estoril,estoril,estoril,,2025,Sim,2012,2025
P1,Portugal - Primeira Liga,Estrela,estrela,estrela,estrela,,2025,Sim,2023,2025
P1,Portugal - Primeira Liga,Famalicao,famalicao,famalicao,famalicao,,2025,Sim,2019,2025
P1,Portugal - Primeira Liga,Farense,farense,farense,farense,,2025,Não,2020,2024
P1,Portugal - Primeira Liga,Feirense,feirense,feirense,feirense,,2025,Não,2016,2018
P1,Portugal - Primeira Liga,Gil Vicente,gil vicente,gil vicente,gilv | gilvicente | gv,,2025,Sim,2012,2025
P1,Portugal - Primeira Liga,Guimaraes,guimaraes,guimaraes,guimaraes,vitoria guimaraes,2025,Sim,2012,2025
P1,Portugal - Primeira Liga,Maritimo,maritimo,maritimo,maritimo,,2025,Não,2012,2022
P1,Portugal - Primeira Liga,Moreirense,moreirense,moreirense,moreirense,,2025,Sim,2012,2025
P1,Portugal - Primeira Liga,Nacional,nacional,nacional,nacional,,2025,Sim,2012,2025
P1,Portugal - Primeira Liga,Olhanense,olhanense,olhanense,olhanense,,2025,Não,2012,2013
P1,Portugal - Primeira Liga,Pacos Ferreira,pacos ferreira,pacos ferreira,pacosferreira | pf,pacos de ferreira,2025,Não,2012,2022
P1,Portugal - Primeira Liga,Penafiel,penafiel,penafiel,penafiel,,2025,Não,2014,2014
P1,Portugal - Primeira Liga,Portimonense,portimonense,portimonense,portimonense,,2025,Não,2017,2023
P1,Portugal - Primeira Liga,Porto,porto,porto,porto,,2025,Sim,2012,2025
P1,Portugal - Primeira Liga,Rio Ave,rio ave,rio ave,ra | rioave,,2025,Sim,2012,2025
P1,Portugal - Primeira Liga,Santa Clara,santa clara,santa clara,santaclara | sc,,2025,Sim,2018,2025
P1,Portugal - Primeira Liga,Setubal,setubal,setubal,setubal,,2025,Não,2012,2019
P1,Portugal - Primeira Liga,Sp Braga,sp braga,braga,sb | spb | spbraga,sporting braga,2025,Sim,2012,2025
P1,Portugal - Primeira Liga,Sp Lisbon,sp lisbon,lisbon,sl | spl | splisbon,sporting cp | sporting lisboa | sporting lisbon,2025,Sim,2012,2025
P1,Portugal - Primeira Liga,Tondela,tondela,tondela,tondela,,2025,Sim,2015,2025
P1,Portugal - Primeira Liga,Uniao Madeira,uniao madeira,uniao madeira,um | uniaomadeira,,2025,Não,2015,2015
P1,Portugal - Primeira Liga,Vizela,vizela,vizela,vizela,,2025,Não,2021,2023
N1,Holanda - Eredivisie,AZ Alkmaar,az alkmaar,az alkmaar,aa | aza | azalkmaar,,2025,Sim,2012,2025
N1,Holanda - Eredivisie,Ajax,ajax,ajax,ajax,,2025,Sim,2012,2025
N1,Holanda - Eredivisie,Almere City,almere city,almere city,ac | almerecity,,2025,Não,2023,2024
N1,Holanda - Eredivisie,Cambuur,cambuur,cambuur,cambuur,,2025,Não,2013,2022
N1,Holanda - Eredivisie,Den Haag,den haag,den haag,denh | denhaag | dh,ado den haag,2025,Não,2012,2020
N1,Holanda - Eredivisie,Dordrecht,dordrecht,dordrecht,dordrecht,,2025,Não,2014,2014
N1,Holanda - Eredivisie,Excelsior,excelsior,excelsior,excelsior,,2025,Sim,2014,2025
N1,Holanda - Eredivisie,FC Emmen,fc emmen,emmen,fce | fcemmen | fe,,2025,Não,2018,2022
N1,Holanda - Eredivisie,Feyenoord,feyenoord,feyenoord,feyenoord,,2025,Sim,2012,2025
N1,Holanda - Eredivisie,For Sittard,for sittard,for sittard,fors | forsittard | fs,fortuna sittard,2025,Sim,2018,2025
N1,Holanda - Eredivisie,Go Ahead Eagles,go ahead eagles,ahead eagles,gae | goae | goaheadeagles,,2025,Sim,2013,2025
N1,Holanda - Eredivisie,Graafschap,graafschap,graafschap,graafschap,,2025,Não,2015,2018
N1,Holanda - Eredivisie,Groningen,groningen,groningen,groningen,,2025,Sim,2012,2025
N1,Holanda - Eredivisie,Heerenveen,heerenveen,heerenveen,heerenveen,,2025,Sim,2012,2025
N1,Holanda - Eredivisie,Heracles,heracles,heracles,heracles,,2025,Sim,2012,2025
N1,Holanda - Eredivisie,NAC Breda,nac breda,nac breda,nacb | nacbreda | nb,,2025,Sim,2012,2025
N1,Holanda - Eredivisie,Nijmegen,nijmegen,nijmegen,nijmegen,nec nijmegen,2025,Sim,2012,2025
N1,Holanda - Eredivisie,PSV Eindhoven,psv eindhoven,psv eindhoven,pe | psve | psveindhoven,psv,2025,Sim,2012,2025
N1,Holanda - Eredivisie,Roda,roda,roda,roda,,2025,Não,2012,2017
N1,Holanda - Eredivisie,Sparta Rotterdam,sparta rotterdam,sparta rotterdam,spartarotterdam | sr,,2025,Sim,2016,2025
N1,Holanda - Eredivisie,Telstar,telstar,telstar,telstar,,2025,Sim,2025,2025
N1,Holanda - Eredivisie,Twente,twente,twente,twente,,2025,Sim,2012,2025
N1,Holanda - Eredivisie,Utrecht,utrecht,utrecht,utrecht,,2025,Sim,2012,2025
N1,Holanda - Eredivisie,VVV Venlo,vvv venlo,vvv venlo,vv | vvvv | vvvvenlo,,2025,Não,2012,2020
N1,Holanda - Eredivisie,Vitesse,vitesse,vitesse,vitesse,vitesse arnhem,2025,Não,2012,2023
N1,Holanda - Eredivisie,Volendam,volendam,volendam,volendam,,2025,Sim,2022,2025
N1,Holanda - Eredivisie,Waalwijk,waalwijk,waalwijk,waalwijk,rkc waalwijk,2025,Não,2012,2024
N1,Holanda - Eredivisie,Willem II,willem ii,willem ii,wi | wii | willemii,,2025,Não,2012,2024
N1,Holanda - Eredivisie,Zwolle,zwolle,zwolle,zwolle,pec zwolle,2025,Sim,2012,2025
B1,Bélgica - Pro League,Anderlecht,anderlecht,anderlecht,anderlecht,,2025,Sim,2012,2025
B1,Bélgica - Pro League,Antwerp,antwerp,antwerp,antwerp,royal antwerp,2025,Sim,2017,2025
B1,Bélgica - Pro League,Beerschot VA,beerschot va,beerschot va,beerschotva | bv | bva,,2025,Não,2020,2024
B1,Bélgica - Pro League,Bergen,bergen,bergen,bergen,,2025,Não,2012,2013
B1,Bélgica - Pro League,Cercle Brugge,cercle brugge,cercle brugge,cb | cerclebrugge,,2025,Sim,2012,2025
B1,Bélgica - Pro League,Charleroi,charleroi,charleroi,charleroi,,2025,Sim,2012,2025
B1,Bélgica - Pro League,Club Brugge,club brugge,brugge,cb | clubbrugge,,2025,Sim,2012,2025
B1,Bélgica - Pro League,Dender,dender,dender,dender,,2025,Sim,2024,2025
B1,Bélgica - Pro League,Eupen,eupen,eupen,eupen,,2025,Não,2016,2023
B1,Bélgica - Pro League,Genk,genk,genk,genk,,2025,Sim,2012,2025
B1,Bélgica - Pro League,Gent,gent,gent,gent,,2025,Sim,2012,2025
B1,Bélgica - Pro League,Germinal,germinal,germinal,germinal,,2025,Não,2012,2012
B1,Bélgica - Pro League,Kortrijk,kortrijk,kortrijk,kortrijk,,2025,Não,2012,2024
B1,Bélgica - Pro League,Lierse,lierse,lierse,lierse,,2025,Não,2012,2014
B1,Bélgica - Pro League,Lokeren,lokeren,lokeren,lokeren,,2025,Não,2012,2018
B1,Bélgica - Pro League,Mechelen,mechelen,mechelen,mechelen,kv mechelen,2025,Sim,2012,2025
B1,Bélgica - Pro League,Mouscron,mouscron,mouscron,mouscron,,2025,Não,2016,2020
B1,Bélgica - Pro League,Mouscron-Peruwelz,mouscron peruwelz,mouscron peruwelz,mouscronperuwelz | mp,,2025,Não,2014,2015
B1,Bélgica - Pro League,Oostende,oostende,oostende,oostende,,2025,Não,2013,2022
B1,Bélgica - Pro League,Oud-Heverlee Leuven,oud heverlee leuven,oud heverlee leuven,ohl | oudhl,oh leuven,2025,Sim,2012,2025
B1,Bélgica - Pro League,RAAL La Louviere,raal la louviere,raal la louviere,raallalouviere | rlal | rll,,2025,Sim,2025,2025
B1,Bélgica - Pro League,RWD Molenbeek,rwd molenbeek,rwd molenbeek,rm | rwdm | rwdmolenbeek,,2025,Não,2023,2023
B1,Bélgica - Pro League,Seraing,seraing,seraing,seraing,,2025,Não,2021,2022
B1,Bélgica - Pro League,St Truiden,st truiden,st truiden,st | stt | sttruiden,,2025,Sim,2015,2025
B1,Bélgica - Pro League,St. Gilloise,st gilloise,st gilloise,sg | stg | stgilloise,union saint gilloise | union st gilloise,2025,Sim,2021,2025
B1,Bélgica - Pro League,Standard,standard,standard,standard,standard liege,2025,Sim,2012,2025
B1,Bélgica - Pro League,Waasland-Beveren,waasland beveren,waasland beveren,waaslandbeveren | wb,,2025,Não,2012,2020
B1,Bélgica - Pro League,Waregem,waregem,waregem,waregem,zulte waregem,2025,Sim,2012,2025
B1,Bélgica - Pro League,Westerlo,westerlo,westerlo,westerlo,,2025,Sim,2014,2025
T1,Turquia - Super Lig,Ad. Demirspor,ad demirspor,demirspor,ad | add | addemirspor,adana demirspor,2025,Não,2021,2024
T1,Turquia - Super Lig,Adanaspor,adanaspor,adanaspor,adanaspor,,2025,Não,2016,2016
T1,Turquia - Super Lig,Akhisar Belediyespor,akhisar belediyespor,akhisar belediyespor,ab,,2025,Não,2012,2018
T1,Turquia - Super Lig,Alanyaspor,alanyaspor,alanyaspor,alanyaspor,,2025,Sim,2016,2025
T1,Turquia - Super Lig,Altay,altay,altay,altay,,2025,Não,2021,2021
T1,Turquia - Super Lig,Ankaragucu,ankaragucu,ankaragucu,ankaragucu,,2025,Não,2018,2023
T1,Turquia - Super Lig,Antalyaspor,antalyaspor,antalyaspor,antalyaspor,,2025,Sim,2012,2025
T1,Turquia - Super Lig,Balikesirspor,balikesirspor,balikesirspor,balikesirspor,,2025,Não,2014,2014
T1,Turquia - Super Lig,Besiktas,besiktas,besiktas,besiktas,,2025,Sim,2012,2025
T1,Turquia - Super Lig,Bodrumspor,bodrumspor,bodrumspor,bodrumspor,,2025,Não,2024,2024
T1,Turquia - Super Lig,Bursaspor,bursaspor,bursaspor,bursaspor,,2025,Não,2012,2018
T1,Turquia - Super Lig,Buyuksehyr,buyuksehyr,buyuksehyr,buyuksehyr,istanbul basaksehir,2025,Sim,2012,2025
T1,Turquia - Super Lig,Denizlispor,denizlispor,denizlispor,denizlispor,,2025,Não,2019,2020
T1,Turquia - Super Lig,Elazigspor,elazigspor,elazigspor,elazigspor,,2025,Não,2012,2013
T1,Turquia - Super Lig,Erciyesspor,erciyesspor,erciyesspor,erciyesspor,,2025,Não,2013,2014
T1,Turquia - Super Lig,Erzurum BB,erzurum bb,erzurum bb,eb | ebb | erzurumbb,,2025,Não,2018,2020
T1,Turquia - Super Lig,Eskisehirspor,eskisehirspor,eskisehirspor,eskisehirspor,,2025,Não,2012,2015
T1,Turquia - Super Lig,Eyupspor,eyupspor,eyupspor,eyupspor,,2025,Sim,2024,2025
T1,Turquia - Super Lig,Fenerbahce,fenerbahce,fenerbahce,fenerbahce,,2025,Sim,2012,2025
T1,Turquia - Super Lig,Galatasaray,galatasaray,galatasaray,galatasaray,,2025,Sim,2012,2025
T1,Turquia - Super Lig,Gaziantep,gaziantep,gaziantep,gaziantep,,2025,Sim,2019,2025
T1,Turquia - Super Lig,Gaziantepspor,gaziantepspor,gaziantepspor,gaziantepspor,,2025,Não,2012,2016
T1,Turquia - Super Lig,Genclerbirligi,genclerbirligi,genclerbirligi,genclerbirligi,,2025,Sim,2012,2025
T1,Turquia - Super Lig,Giresunspor,giresunspor,giresunspor,giresunspor,,2025,Não,2021,2022
T1,Turquia - Super Lig,Goztep,goztep,goztep,goztep,goztepe,2025,Sim,2017,2025
T1,Turquia - Super Lig,Hatayspor,hatayspor,hatayspor,hatayspor,,2025,Não,2020,2024
T1,Turquia - Super Lig,Istanbulspor,istanbulspor,istanbulspor,istanbulspor,,2025,Não,2022,2023
T1,Turquia - Super Lig,Karabukspor,karabukspor,karabukspor,karabukspor,,2025,Não,2012,2017
T1,Turquia - Super Lig,Karagumruk,karagumruk,karagumruk,karagumruk,fatih karagumruk,2025,Sim,2020,2025
T1,Turquia - Super Lig,Kasimpasa,kasimpasa,kasimpasa,kasimpasa,,2025,Sim,2012,2025
T1,Turquia - Super Lig,Kayserispor,kayserispor,kayserispor,kayserispor,,2025,Sim,2012,2025
T1,Turquia - Super Lig,Kocaelispor,kocaelispor,kocaelispor,kocaelispor,,2025,Sim,2025,2025
T1,Turquia - Super Lig,Konyaspor,konyaspor,konyaspor,konyaspor,,2025,Sim,2013,2025
T1,Turquia - Super Lig,Mersin Idman Yurdu,mersin idman yurdu,mersin idman yurdu,mersinidmanyurdu | miy,,2025,Não,2012,2015
T1,Turquia - Super Lig,Orduspor,orduspor,orduspor,orduspor,,2025,Não,2012,2012
T1,Turquia - Super Lig,Osmanlispor,osmanlispor,osmanlispor,osmanlispor,,2025,Não,2015,2017
T1,Turquia - Super Lig,Pendikspor,pendikspor,pendikspor,pendikspor,,2025,Não,2023,2023
T1,Turquia - Super Lig,Rizespor,rizespor,rizespor,rizespor,,2025,Sim,2013,2025
T1,Turquia - Super Lig,Samsunspor,samsunspor,samsunspor,samsunspor,,2025,Sim,2023,2025
T1,Turquia - Super Lig,Sivasspor,sivasspor,sivasspor,sivasspor,,2025,Não,2012,2024
T1,Turquia - Super Lig,Trabzonspor,trabzonspor,trabzonspor,trabzonspor,,2025,Sim,2012,2025
T1,Turquia - Super Lig,Umraniyespor,umraniyespor,umraniyespor,umraniyespor,,2025,Não,2022,2022
T1,Turquia - Super Lig,Yeni Malatyaspor,yeni malatyaspor,yeni malatyaspor,yenimalatyaspor | ym,,2025,Não,2017,2021
G1,Grécia - Super League,AEK,aek,aek,aek,aek athens,2025,Sim,2012,2025
G1,Grécia - Super League,Apollon,apollon,apollon,apollon,,2025,Não,2013,2021
G1,Grécia - Super League,Aris,aris,aris,aris,aris thessaloniki,2025,Sim,2012,2025
G1,Grécia - Super League,Asteras Tripolis,asteras tripolis,asteras tripolis,asterastripolis | at,,2025,Sim,2012,2025
G1,Grécia - Super League,Athens Kallithea,athens kallithea,athens kallithea,ak | athenskallithea,,2025,Não,2024,2024
G1,Grécia - Super League,Atromitos,atromitos,atromitos,atromitos,,2025,Sim,2012,2025
G1,Grécia - Super League,Ergotelis,ergotelis,ergotelis,ergotelis,,2025,Não,2013,2014
G1,Grécia - Super League,Giannina,giannina,giannina,giannina,pas giannina,2025,Não,2012,2023
G1,Grécia - Super League,Ionikos,ionikos,ionikos,ionikos,,2025,Não,2021,2022
G1,Grécia - Super League,Iraklis,iraklis,iraklis,iraklis,,2025,Não,2015,2016
G1,Grécia - Super League,Kallonis,kallonis,kallonis,kallonis,,2025,Não,2013,2015
G1,Grécia - Super League,Kerkyra,kerkyra,kerkyra,kerkyra,,2025,Não,2012,2017
G1,Grécia - Super League,Kifisia,kifisia,kifisia,kifisia,,2025,Sim,2023,2025
G1,Grécia - Super League,Lamia,lamia,lamia,lamia,,2025,Não,2017,2024
G1,Grécia - Super League,Larisa,larisa,larisa,larisa,,2025,Sim,2016,2025
G1,Grécia - Super League,Levadeiakos,levadeiakos,levadeiakos,levadeiakos,,2025,Sim,2012,2025
G1,Grécia - Super League,Niki Volos,niki volos,niki volos,nikivolos | nv,,2025,Não,2014,2014
G1,Grécia - Super League,OFI,ofi,ofi,ofi,,2025,Não,2012,2014
G1,Grécia - Super League,OFI Crete,ofi crete,ofi crete,oc | ofic | oficrete,,2025,Sim,2018,2025
G1,Grécia - Super League,Olympiakos,olympiakos,olympiakos,olympiakos,olympiacos | olympiacos piraeus,2025,Sim,2012,2025
G1,Grécia - Super League,PAOK,paok,paok,paok,paok thessaloniki,2025,Sim,2012,2025
G1,Grécia - Super League,Panathinaikos,panathinaikos,panathinaikos,panathinaikos,,2025,Sim,2012,2025
G1,Grécia - Super League,Panetolikos,panetolikos,panetolikos,panetolikos,,2025,Sim,2013,2025
G1,Grécia - Super League,Panionios,panionios,panionios,panionios,,2025,Não,2012,2019
G1,Grécia - Super League,Panserraikos,panserraikos,panserraikos,panserraikos,,2025,Sim,2023,2025
G1,Grécia - Super League,Panthrakikos,panthrakikos,panthrakikos,panthrakikos,,2025,Não,2012,2015
G1,Grécia - Super League,Platanias,platanias,platanias,platanias,,2025,Não,2012,2017
G1,Grécia - Super League,Veria,veria,veria,veria,,2025,Não,2012,2016
G1,Grécia - Super League,Volos NFC,volos nfc,volos nfc,vn | vnfc | volosnfc,,2025,Sim,2019,2025
G1,Grécia - Super League,Xanthi,xanthi,xanthi,xanthi,,2025,Não,2012,2019
